date,game,category,sales,first_commission,final_commission
q2-2017,FINO,lottery,104591.5,8367.32,8200.59
q2-2017,JACKPOT,lottery,14209.5,1705.14,1894.17
q2-2017,LOTO,lottery,1237,148.44,178.81
q2-2017,SEVEN-IN-ROW,lottery,858,102.96,99.13
q2-2017,LUCKY-3,lottery,452.5,36.2,41.5
q2-2017,PLUS-5,lottery,128.5,15.42,6.12
q2-2017,CAST WED,bettting,30.75,3.69,4.6
q2-2017,CAST SAT,bettting,47.75,5.73,6.45
q2-2017,CAST SUN,bettting,112.25,13.47,15.97
q2-2017,CASTGOALS,bettting,36.75,4.41,5.59
q2-2017,GREYHOUNDS,bettting,0,0,0
q2-2017,BET PRE_1,bettting,9941.5,298.33,267.63
q2-2017,BET PRE_2,bettting,6356,349.61,408.7
q2-2017,BET PRE_3,bettting,8843.75,884.58,763.36
q2-2017,BET PRE_4,bettting,17639,2204.89,1974
q2-2017,BET LIVE_1,bettting,5791.25,173.79,210.65
q2-2017,BET LIVE_2,bettting,514.75,28.4,32.22
q2-2017,BET LIVE_3,bettting,285.25,28.53,27.47
q2-2017,BET LIVE_4,bettting,253,31.7,32.76
q2-2017,BET LIVE_5+,bettting,192,24.03,33.49
q2-2017,V-SOCCER,virtual,18629.5,880.91,706.21
q2-2017,BET SELF_1,bettting,0,0,0
q2-2017,BET SELF_2,bettting,0,0,0
q2-2017,BET SELF_3,bettting,0,0,0
q2-2017,BET SELF_4,bettting,0,0,0
q2-2017,V-SOCCER SELF_1,virtual,0,0,0
q2-2017,V-SOCCER SELF_2,virtual,0,0,0
q2-2017,V-SOCCER SELF_3,virtual,0,0,0
q2-2017,V-SOCCER SELF_4,virtual,0,0,0
q3-2017,FINO,lottery,116944,9355.52,8957.66
q3-2017,JACKPOT,lottery,19727,2367.24,2711.75
q3-2017,LOTO,lottery,2962.5,355.5,428.46
q3-2017,SEVEN-IN-ROW,lottery,1507.5,180.9,178.23
q3-2017,LUCKY-3,lottery,724,57.92,61.76
q3-2017,PLUS-5,lottery,233,27.96,28.03
q3-2017,CAST WED,bettting,142,17.04,21.21
q3-2017,CAST SAT,bettting,134.75,16.17,20.31
q3-2017,CAST SUN,bettting,175.75,21.09,25.88
q3-2017,CASTGOALS,bettting,14.25,1.71,2.23
q3-2017,GREYHOUNDS,bettting,82.8,6.62,6.48
q3-2017,BET PRE_1,bettting,3486.75,104.72,126.58
q3-2017,BET PRE_2,bettting,5065.75,278.64,417.31
q3-2017,BET PRE_3,bettting,11457.75,1146.03,1187.86
q3-2017,BET PRE_4,bettting,28414,3551.74,3873.54
q3-2017,BET LIVE_1,bettting,16976,509.16,665.61
q3-2017,BET LIVE_2,bettting,2376.75,130.79,180.46
q3-2017,BET LIVE_3,bettting,586.75,58.68,58.16
q3-2017,BET LIVE_4,bettting,502,62.82,65.7
q3-2017,BET LIVE_5+,bettting,7,0.88,1.16
q3-2017,V-SOCCER,virtual,28350.75,1134.03,1119.24
q3-2017,BET SELF_1,bettting,0,0,0
q3-2017,BET SELF_2,bettting,0,0,0
q3-2017,BET SELF_3,bettting,0,0,0
q3-2017,BET SELF_4,bettting,0,0,0
q3-2017,V-SOCCER SELF_1,virtual,0,0,0
q3-2017,V-SOCCER SELF_2,virtual,0,0,0
q3-2017,V-SOCCER SELF_3,virtual,0,0,0
q3-2017,V-SOCCER SELF_4,virtual,0,0,0
q4-2017,FINO,lottery,103262,8260.96,8026.15
q4-2017,JACKPOT,lottery,12111,1453.32,1622.71
q4-2017,LOTO,lottery,1839,220.68,266.4
q4-2017,SEVEN-IN-ROW,lottery,847,101.64,106.26
q4-2017,LUCKY-3,lottery,792.5,63.4,84.67
q4-2017,PLUS-5,lottery,208,24.96,31.24
q4-2017,CAST WED,bettting,10.5,1.26,1.57
q4-2017,CAST SAT,bettting,93.75,11.25,14.01
q4-2017,CAST SUN,bettting,84.5,10.14,12.94
q4-2017,CASTGOALS,bettting,9.75,1.17,1.49
q4-2017,GREYHOUNDS,bettting,46.5,3.72,3.93
q4-2017,BET PRE_1,bettting,5354.75,160.59,240.26
q4-2017,BET PRE_2,bettting,6051,332.87,465.12
q4-2017,BET PRE_3,bettting,8740.75,874.23,835.68
q4-2017,BET PRE_4,bettting,20678.75,2585.01,2710.59
q4-2017,BET LIVE_1,bettting,8965.25,267.51,347.35
q4-2017,BET LIVE_2,bettting,2040.5,112.31,145.56
q4-2017,BET LIVE_3,bettting,1695.5,169.55,153.73
q4-2017,BET LIVE_4,bettting,411.25,51.45,49.06
q4-2017,BET LIVE_5+,bettting,0,0,0
q4-2017,V-SOCCER,virtual,35338.75,1413.55,1320.16
q4-2017,BET SELF_1,bettting,2031.25,60.96,69.4
q4-2017,BET SELF_2,bettting,483.5,26.65,34.68
q4-2017,BET SELF_3,bettting,239.25,23.93,23.05
q4-2017,BET SELF_4,bettting,72,9.01,8.77
q4-2017,V-SOCCER SELF_1,virtual,0,0,0
q4-2017,V-SOCCER SELF_2,virtual,0,0,0
q4-2017,V-SOCCER SELF_3,virtual,0,0,0
q4-2017,V-SOCCER SELF_4,virtual,0,0,0
q1-2018,FINO,lottery,111115,8395,8107.55
q1-2018,JACKPOT,lottery,14784,1820.7,1799.53
q1-2018,LOTO,lottery,1676,232.48,260.05
q1-2018,SEVEN-IN-ROW,lottery,1021.5,116.12,118.48
q1-2018,LUCKY-3,lottery,776,66.73,68.87
q1-2018,PLUS-5,lottery,196,18.32,11.73
q1-2018,CAST WED,bettting,41,4.92,5.82
q1-2018,CAST SAT,bettting,19.5,2.34,2.77
q1-2018,CAST SUN,bettting,108,12.96,15.19
q1-2018,CASTGOALS,bettting,0.75,0.09,0.11
q1-2018,GREYHOUNDS,bettting,79.2,6.07,5.71
q1-2018,BET PRE_1,bettting,2007.5,57.36,73.91
q1-2018,BET PRE_2,bettting,5225.75,287.25,410.9
q1-2018,BET PRE_3,bettting,8901,829.42,852.87
q1-2018,BET PRE_4,bettting,21830.5,2655.6,2743.2
q1-2018,BET LIVE_1,bettting,0,0,0
q1-2018,BET LIVE_2,bettting,0,0,0
q1-2018,BET LIVE_3,bettting,0,0,0
q1-2018,BET LIVE_4,bettting,0,0,0
q1-2018,BET LIVE_5+,bettting,0,0,0
q1-2018,V-SOCCER,virtual,44388.75,1599.91,1689.28
q1-2018,BET SELF_1,bettting,6535,184.43,183.04
q1-2018,BET SELF_2,bettting,1079,59.44,62.69
q1-2018,BET SELF_3,bettting,555,51.78,45.72
q1-2018,BET SELF_4,bettting,158,19.16,17.58
q1-2018,V-SOCCER SELF_1,virtual,0,0,0
q1-2018,V-SOCCER SELF_2,virtual,0,0,0
q1-2018,V-SOCCER SELF_3,virtual,0,0,0
q1-2018,V-SOCCER SELF_4,virtual,0,0,0
q2-2018,FINO,lottery,106116,7746.51,8024.33
q2-2018,JACKPOT,lottery,14565.5,1820.77,1803.72
q2-2018,LOTO,lottery,2630.5,386.75,394.54
q2-2018,SEVEN-IN-ROW,lottery,1003.5,111.43,124.35
q2-2018,LUCKY-3,lottery,642.5,56.58,58.9
q2-2018,PLUS-5,lottery,193,16.19,13.97
q2-2018,CAST WED,bettting,7.25,0.87,1.03
q2-2018,CAST SAT,bettting,59,7.08,8.37
q2-2018,CAST SUN,bettting,61.75,7.41,8.85
q2-2018,CASTGOALS,bettting,5.5,0.66,0.8
q2-2018,GREYHOUNDS,bettting,166.5,12.53,12.99
q2-2018,BET PRE_1,bettting,5533,138.48,161.61
q2-2018,BET PRE_2,bettting,4556.75,229.04,341.57
q2-2018,BET PRE_3,bettting,8332.25,709.82,748.3
q2-2018,BET PRE_4,bettting,16822.25,1856.78,2071.59
q2-2018,BET LIVE_1,bettting,0,0,0
q2-2018,BET LIVE_2,bettting,0,0,0
q2-2018,BET LIVE_3,bettting,0,0,0
q2-2018,BET LIVE_4,bettting,0,0,0
q2-2018,V-SOCCER,virtual,36991,1295.07,1354.79
q2-2018,BET SELF_1,bettting,8241.5,206.15,225.81
q2-2018,BET SELF_2,bettting,1129.5,56.83,73.97
q2-2018,BET SELF_3,bettting,612.5,52.13,48.59
q2-2018,BET SELF_4,bettting,250.25,27.57,28.12
q2-2018,V-SOCCER SELF_1,virtual,1275.5,44.75,50.3
q2-2018,V-SOCCER SELF_2,virtual,72.5,4.54,4.75
q2-2018,V-SOCCER SELF_3,virtual,95.25,7.76,6.9
q2-2018,V-SOCCER SELF_4,virtual,112,11.75,11.5
q3-2018,FINO,lottery,106998,7810.89,7924.51
q3-2018,JACKPOT,lottery,22458,2807.36,2894.24
q3-2018,LOTO,lottery,2124,312.24,292.18
q3-2018,SEVEN-IN-ROW,lottery,1182.5,131.29,151.37
q3-2018,LUCKY-3,lottery,562,49.47,53.73
q3-2018,PLUS-5,lottery,323.5,27.24,38.05
q3-2018,CAST WED,bettting,26.5,3.18,3.75
q3-2018,CAST SAT,bettting,49.25,5.91,6.98
q3-2018,CAST SUN,bettting,153.25,18.39,22.26
q3-2018,CASTGOALS,bettting,9.75,1.17,1.42
q3-2018,GREYHOUNDS,bettting,0,0,0
q3-2018,BET PRE_1,bettting,3028.25,75.7,108.82
q3-2018,BET PRE_2,bettting,1434.5,71.73,114.95
q3-2018,BET PRE_3,bettting,1028.75,87.46,111.41
q3-2018,BET PRE_4,bettting,2071,227.82,264.94
q3-2018,BET LIVE_1,bettting,0,0,0
q3-2018,BET LIVE_2,bettting,0,0,0
q3-2018,BET LIVE_3,bettting,0,0,0
q3-2018,BET LIVE_4,bettting,0,0,0
q3-2018,V-SOCCER,virtual,3784.5,132.46,109.72
q3-2018,BET_1,bettting,14052,351.42,387.53
q3-2018,BET_2,bettting,4973,248.74,309.28
q3-2018,BET_3,bettting,6046.25,514.03,452.93
q3-2018,BET_4,bettting,24972.25,2746.89,2747.17
q3-2018,V-SOCCER_1,virtual,88948.75,3291.15,3436.95
q3-2018,V-SOCCER_2,virtual,508.5,31.81,31.9
q3-2018,V-SOCCER_3,virtual,469.5,37.56,34.37
q3-2018,V-SOCCER_4,virtual,424.75,43.76,41.56
q4-2018,FINO,lottery,117363,8570.37,8445.81
q4-2018,JACKPOT,lottery,16408.5,2051.13,2028.58
q4-2018,LOTO,lottery,2279,335.01,321.23
q4-2018,SEVEN-IN-ROW,lottery,655.5,72.82,76.42
q4-2018,LUCKY-3,lottery,865.5,76.17,84.05
q4-2018,PLUS-5,lottery,436,36.63,69.19
q4-2018,CAST WED,bettting,68.5,8.22,9.47
q4-2018,CAST SAT,bettting,29.5,3.54,4.18
q4-2018,CAST SUN,bettting,72,8.64,10.21
q4-2018,CASTGOALS,bettting,0.25,0.03,0.04
q4-2018,GREYHOUNDS,bettting,0,0,0
q4-2018,BET PRE_1,bettting,0,0,0
q4-2018,BET PRE_2,bettting,0,0,0
q4-2018,BET PRE_3,bettting,0,0,0
q4-2018,BET PRE_4,bettting,0,0,0
q4-2018,BET LIVE_1,bettting,0,0,0
q4-2018,BET LIVE_2,bettting,0,0,0
q4-2018,BET LIVE_3,bettting,0,0,0
q4-2018,BET LIVE_4,bettting,0,0,0
q4-2018,V-SOCCER,virtual,0,0,0
q4-2018,BET_1,bettting,12568.5,315.1,342.08
q4-2018,BET_2,bettting,7145,357.38,401.38
q4-2018,BET_3,bettting,12316,1046.92,955.2
q4-2018,BET_4,bettting,28504.5,3135.52,3124.41
q4-2018,V-SOCCER_1,virtual,44039.25,1629.45,1756.53
q4-2018,V-SOCCER_2,virtual,207.25,12.95,11.9
q4-2018,V-SOCCER_3,virtual,470.25,37.62,35.61
q4-2018,V-SOCCER_4,virtual,126.75,13.07,12.19
q1-2019,FINO,lottery,81266,5513.47,5694.63
q1-2019,FINO SELF,lottery,2330.5,97.6,105.32
q1-2019,JACKPOT,lottery,13079,1504.48,1604.83
q1-2019,LOTO,lottery,1229.5,167.29,166.31
q1-2019,SEVEN-IN-ROW,lottery,916.5,101.01,106.8
q1-2019,LUCKY-3,lottery,328.5,28.84,29.18
q1-2019,PLUS-5,lottery,385.5,32.35,31.47
q1-2019,CAST WED,bettting,44,5.85,6.04
q1-2019,CAST SAT,bettting,47.75,6.36,6.47
q1-2019,CAST SUN,bettting,29.25,3.88,3.97
q1-2019,CASTGOALS,bettting,7.5,0.9,1.03
q1-2019,GREYHOUNDS,bettting,0,0,0
q1-2019,BET_1,bettting,14541.25,363.95,396.49
q1-2019,BET_2,bettting,8309,415.31,423.86
q1-2019,BET_3,bettting,8766,683.67,645.74
q1-2019,BET_4,bettting,19531.75,2109.31,2131.36
q1-2019,V-SOCCER_1,virtual,27953.25,978.41,1069.88
q1-2019,V-SOCCER_2,virtual,160.75,8.91,8.9
q1-2019,V-SOCCER_3,virtual,132.5,9.56,9.19
q1-2019,V-SOCCER_4,virtual,108.25,9.95,9.33
q2-2019,FINO,lottery,86926,5898.23,5972.35
q2-2019,FINO SELF,lottery,2808,117.49,128.05
q2-2019,JACKPOT,lottery,13002.5,1495.66,1601.08
q2-2019,LOTO,lottery,1187.5,161.52,171.43
q2-2019,SEVEN-IN-ROW,lottery,727.5,80.34,81.58
q2-2019,LUCKY-3,lottery,663.5,58.11,59.56
q2-2019,PLUS-5,lottery,469,39.19,57.18
q2-2019,CAST WED,bettting,7.5,1.01,1.02
q2-2019,CAST SAT,bettting,10.5,1.39,1.42
q2-2019,CAST SUN,bettting,24.25,3.22,3.29
q2-2019,CASTGOALS,bettting,7.5,0.9,1.03
q2-2019,GREYHOUNDS,bettting,0,0,0
q2-2019,BET_1,bettting,15818.25,395.57,410.48
q2-2019,BET_2,bettting,10204.75,510.38,577.91
q2-2019,BET_3,bettting,11132.5,868.35,817.54
q2-2019,BET_4,bettting,17480.5,1887.88,1859.16
q2-2019,V-SOCCER_1,virtual,15266.75,534.4,613.32
q2-2019,V-SOCCER_2,virtual,777.25,42.81,43.18
q2-2019,V-SOCCER_3,virtual,240.25,17.31,17.66
q2-2019,V-SOCCER_4,virtual,206.75,19.04,18.87
q3-2019,FINO,lottery,135536,9205.98,9437.88
q3-2019,FINO SELF,lottery,2477,103.82,111.23
q3-2019,JACKPOT,lottery,21769.5,2503.97,2909.93
q3-2019,LOTO,lottery,1665,226.51,214.36
q3-2019,SEVEN-IN-ROW,lottery,1166,128.59,132.52
q3-2019,LUCKY-3,lottery,704,61.54,71.94
q3-2019,PLUS-5,lottery,435,36.26,46.46
q3-2019,CAST WED,bettting,42,5.59,4.62
q3-2019,CAST SAT,bettting,11.75,1.57,1.49
q3-2019,CAST SUN,bettting,23,3.07,2.82
q3-2019,CASTGOALS,bettting,0.25,0.03,0.03
q3-2019,GREYHOUNDS,bettting,0,0,0
q3-2019,BET_1,bettting,41897,1047.51,1049.4
q3-2019,BET_2,bettting,14723,736.29,726.88
q3-2019,BET_3,bettting,9123.5,711.68,633.18
q3-2019,BET_4,bettting,21569.75,2329.53,2026.37
q3-2019,V-SOCCER_1,virtual,46363.75,1622.8,1784.09
q3-2019,V-SOCCER_2,virtual,696.75,38.43,36.09
q3-2019,V-SOCCER_3,virtual,232,16.7,15.82
q3-2019,V-SOCCER_4,virtual,240.25,22.13,21.73
q4-2019,FINO,lottery,79815,5415.96,5642.27
q4-2019,FINO SELF,lottery,2003.5,83.66,95.52
q4-2019,JACKPOT,lottery,14939.5,1718.49,1501.55
q4-2019,LOTO,lottery,827.5,112.61,99.84
q4-2019,SEVEN-IN-ROW,lottery,706,77.92,75.15
q4-2019,LUCKY-3,lottery,359.5,31.3,33.35
q4-2019,PLUS-5,lottery,281.5,23.52,39.04
q4-2019,CAST WED,bettting,4,0.53,0.59
q4-2019,CAST SAT,bettting,8.5,1.13,1.18
q4-2019,CAST SUN,bettting,50,6.65,7.01
q4-2019,CASTGOALS,bettting,0,0,0
q4-2019,GREYHOUNDS,bettting,0,0,0
q4-2019,BET_1,bettting,12897.25,322.5,281.72
q4-2019,BET_2,bettting,8842.75,442.31,414.13
q4-2019,BET_3,bettting,8804.25,686.79,577.03
q4-2019,BET_4,bettting,24834,2682.14,2417.17
q4-2019,V-SOCCER_1,virtual,38512.25,1347.97,1412.24
q4-2019,V-SOCCER_2,virtual,274.25,15.16,14.25
q4-2019,V-SOCCER_3,virtual,558.75,40.26,40.1
q4-2019,V-SOCCER_4,virtual,182,16.77,16.46
q1-2020,FINO,lottery,67309,4566.11,4613.67
q1-2020,FINO SELF,lottery,1750.5,73.04,79.63
q1-2020,JACKPOT,lottery,12482,1435.9,1645.11
q1-2020,LOTO,lottery,552.5,75.21,81.88
q1-2020,SEVEN-IN-ROW,lottery,782,86.21,93.92
q1-2020,LUCKY-3,lottery,498.5,43.28,47.37
q1-2020,PLUS-5,lottery,322.5,27.08,28.61
q1-2020,CAST WED,bettting,0.25,0.03,0.03
q1-2020,CAST SAT,bettting,1.25,0.16,0.17
q1-2020,CAST SUN,bettting,28.5,3.79,3.83
q1-2020,CASTGOALS,bettting,0,0,0
q1-2020,GREYHOUNDS,bettting,0,0,0
q1-2020,BET_1,bettting,14782.5,332.28,381.7
q1-2020,BET_2,bettting,7781,369.69,422.19
q1-2020,BET_3,bettting,3987.25,270.95,287.69
q1-2020,BET_4,bettting,12945,1269.44,1315.07
q1-2020,V-SOCCER_1,virtual,14751.25,516.33,559.63
q1-2020,V-SOCCER_2,virtual,400,22.04,21.07
q1-2020,V-SOCCER_3,virtual,433.5,31.19,28.25
q1-2020,V-SOCCER_4,virtual,75.5,6.95,6.5
q2-2020,FINO,lottery,48617,3296.96,3441.66
q2-2020,FINO SELF,lottery,211,8.84,9.55
q2-2020,JACKPOT,lottery,10341.5,1189.65,1255.85
q2-2020,LOTO,lottery,357,48.68,43.81
q2-2020,SEVEN-IN-ROW,lottery,360.5,39.85,40.34
q2-2020,LUCKY-3,lottery,321,28.08,29.02
q2-2020,PLUS-5,lottery,233,19.41,14.06
q2-2020,CAST WED,bettting,0,0,0
q2-2020,CAST SAT,bettting,7.5,1,1
q2-2020,CAST SUN,bettting,35.25,4.68,4.72
q2-2020,CASTGOALS,bettting,2.5,0.3,0.34
q2-2020,LUCKYSPIN,virtual,21.25,0.49,0.56
q2-2020,BET_1,bettting,3909.75,88.25,75.41
q2-2020,BET_2,bettting,2066.5,98.18,101.47
q2-2020,BET_3,bettting,3801.75,258.66,268.43
q2-2020,BET_4,bettting,5152.75,504.97,549.46
q2-2020,V-SOCCER_1,virtual,20963.75,733.77,821.74
q2-2020,V-SOCCER_2,virtual,232.25,12.82,12.39
q2-2020,V-SOCCER_3,virtual,109,7.87,7.47
q2-2020,V-SOCCER_4,virtual,27,2.49,2.52
q3-2020,FINO,lottery,131352.5,8917.41,9056.46
q3-2020,FINO SELF,lottery,774,32.29,34.68
q3-2020,JACKPOT,lottery,25755.5,2962.92,3079.55
q3-2020,LOTO,lottery,1043,142.05,141.37
q3-2020,SEVEN-IN-ROW,lottery,966,106.67,107.96
q3-2020,LUCKY-3,lottery,687.5,60,64.11
q3-2020,PLUS-5,lottery,458,38.22,56.61
q3-2020,CAST WED,bettting,4,0.53,0.48
q3-2020,CAST SAT,bettting,23.25,3.09,3.11
q3-2020,CAST SUN,bettting,95.75,12.73,12.8
q3-2020,CASTGOALS,bettting,9.75,1.17,1.33
q3-2020,LUCKYSPIN,virtual,15191,350.69,382.68
q3-2020,BET_1,bettting,17017.75,382.2,417.88
q3-2020,BET_2,bettting,12511.5,594.29,572.79
q3-2020,BET_3,bettting,8980.25,610.61,618.7
q3-2020,BET_4,bettting,18015.5,1765.44,1820.36
q3-2020,V-SOCCER_1,virtual,35598.75,1245.9,1244.54
q3-2020,V-SOCCER_2,virtual,1230.25,67.75,65.19
q3-2020,V-SOCCER_3,virtual,597,42.97,43.03
q3-2020,V-SOCCER_4,virtual,144.75,13.38,11.95
q4-2020,FINO,lottery,40998.5,2782.14,2772.35
q4-2020,FINO SELF,lottery,71,2.98,3.36
q4-2020,JACKPOT,lottery,8637.5,993.49,1148.9
q4-2020,LOTO,lottery,306.5,41.73,46.31
q4-2020,SEVEN-IN-ROW,lottery,251,27.71,29.35
q4-2020,LUCKY-3,lottery,179.5,15.7,14.72
q4-2020,PLUS-5,lottery,160.5,13.37,9.24
q4-2020,CAST WED,bettting,20.5,2.73,3.21
q4-2020,CAST SAT,bettting,30,3.99,4.05
q4-2020,CAST SUN,bettting,46.5,6.2,6.25
q4-2020,CASTGOALS,bettting,2.5,0.3,0.35
q4-2020,LUCKYSPIN,virtual,2528.5,58.24,65.69
q4-2020,GREYHOUNDS,bettting,0,0,0
q4-2020,BET_1,bettting,2046.5,46.05,55.98
q4-2020,BET_2,bettting,1422.75,67.58,73.68
q4-2020,BET_3,bettting,2345.5,159.5,174.12
q4-2020,BET_4,bettting,7899.25,774.14,788.04
q4-2020,V-SOCCER_1,virtual,8710.5,304.88,372.89
q4-2020,V-SOCCER_2,virtual,482.75,26.59,24.56
q4-2020,V-SOCCER_3,virtual,412.5,29.69,28.34
q4-2020,V-SOCCER_4,virtual,42.75,3.93,3.95
q1-2021,FINO,lottery,8710,592.1,647.6
q1-2021,FINO SELF,lottery,26,1.13,1.25
q1-2021,JACKPOT,lottery,1605,184.62,265.86
q1-2021,LOTO,lottery,67,9.11,8.85
q1-2021,SEVEN-IN-ROW,lottery,40.5,4.47,4.16
q1-2021,LUCKY-3,lottery,20,1.83,1.46
q1-2021,PLUS-5,lottery,40.5,3.65,3.96
q1-2021,CAST WED,bettting,0,0,0
q1-2021,CAST SAT,bettting,0,0,0
q1-2021,CAST SUN,bettting,1.5,0.2,0.22
q1-2021,CASTGOALS,bettting,0,0,0
q1-2021,LUCKYSPIN,virtual,2005.25,46.18,48.82
q1-2021,GREYHOUNDS,bettting,0,0,0
q1-2021,BET_1,bettting,1736,39,44.69
q1-2021,BET_2,bettting,623.75,29.63,37.51
q1-2021,BET_3,bettting,291.5,19.83,23.05
q1-2021,BET_4,bettting,903,88.48,96.68
q1-2021,V-SOCCER_1,virtual,2461.75,86.18,96.81
q1-2021,V-SOCCER_2,virtual,59.5,3.28,3.32
q1-2021,V-SOCCER_3,virtual,52,3.75,4.05
q1-2021,V-SOCCER_4,virtual,6.25,0.57,0.54
q2-2021,FINO,lottery,88104.5,6439.73,6614.9
q2-2021,FINO SELF,lottery,579,27.56,27.95
q2-2021,JACKPOT,lottery,9747,1218.54,1246.49
q2-2021,LOTO,lottery,591,85.78,77.85
q2-2021,SEVEN-IN-ROW,lottery,732.5,85.73,83.06
q2-2021,LUCKY-3,lottery,357.5,34.72,34.65
q2-2021,PLUS-5,lottery,381.5,36.96,33.43
q2-2021,CAST WED,bettting,2,0.29,0.2
q2-2021,CAST SAT,bettting,19,2.71,2.22
q2-2021,CAST SUN,bettting,18.75,2.67,2.71
q2-2021,CASTGOALS,bettting,10.25,1.52,0.65
q2-2021,LUCKYSPIN,virtual,17572.75,457.53,486.85
q2-2021,GREYHOUNDS,bettting,10,0.29,0.34
q2-2021,BET_1,bettting,10379.5,254.29,316.57
q2-2021,BET_2,bettting,3121,162.26,176.03
q2-2021,BET_3,bettting,3172,231.42,224.17
q2-2021,BET_4,bettting,6941.5,735.84,725.52
q2-2021,V-SOCCER_1,virtual,13659.5,519.08,536.41
q2-2021,V-SOCCER_2,virtual,1740.75,102.7,90.62
q2-2021,V-SOCCER_3,virtual,571.25,44.58,39.95
q2-2021,V-SOCCER_4,virtual,56.5,5.63,5.54
q3-2021,FINO,lottery,117831.5,8611.52,8845.79
q3-2021,FINO SELF,lottery,991,46.58,46.24
q3-2021,JACKPOT,lottery,17975,2247.12,2358.95
q3-2021,LOTO,lottery,1650.5,239.4,249.22
q3-2021,SEVEN-IN-ROW,lottery,981.5,114.9,121.52
q3-2021,LUCKY-3,lottery,2390.5,231.94,232.34
q3-2021,PLUS-5,lottery,438.5,42.52,52.18
q3-2021,CAST WED,bettting,15,2.15,2.08
q3-2021,CAST SAT,bettting,28,3.99,4.01
q3-2021,CAST SUN,bettting,141.5,20.23,20.36
q3-2021,CASTGOALS,bettting,10,1.48,1.46
q3-2021,LUCKYSPIN,virtual,15703.25,408.9,434.61
q3-2021,GREYHOUNDS,bettting,120,3.48,4.77
q3-2021,BET_1,bettting,9209.5,225.61,221.4
q3-2021,BET_2,bettting,4611,239.85,238.21
q3-2021,BET_3,bettting,4779.75,348.96,347.11
q3-2021,BET_4,bettting,14771.5,1565.77,1536.57
q3-2021,V-SOCCER_1,virtual,20194,767.4,726.57
q3-2021,V-SOCCER_2,virtual,1872,110.45,98.19
q3-2021,V-SOCCER_3,virtual,382.75,29.88,28.67
q3-2021,V-SOCCER_4,virtual,45.25,4.5,4.24
q4-2021,FINO,lottery,94880,6935.36,7184.76
q4-2021,FINO SELF,lottery,509,24.15,24.81
q4-2021,JACKPOT,lottery,11950.5,1493.97,1388.47
q4-2021,LOTO,lottery,2869.5,416.19,413.75
q4-2021,SEVEN-IN-ROW,lottery,533.5,62.5,47.02
q4-2021,LUCKY-3,lottery,751.5,73.02,73.14
q4-2021,PLUS-5,lottery,368.5,35.72,44.11
q4-2021,CAST WED,bettting,0.25,0.04,0.05
q4-2021,CAST SAT,bettting,2.5,0.36,0.39
q4-2021,CAST SUN,bettting,35.75,5.11,5.1
q4-2021,CASTGOALS,bettting,11.25,1.67,2.64
q4-2021,LUCKYSPIN,virtual,44914,1169.69,1223.74
q4-2021,GREYHOUNDS,bettting,2.25,0.07,0.07
q4-2021,BET_1,bettting,6022.25,147.76,133.35
q4-2021,BET_2,bettting,6454.25,331.2,290.88
q4-2021,BET_3,bettting,3984.5,287.81,266.26
q4-2021,BET_4,bettting,14601.75,1523.59,1559.42
q4-2021,V-SOCCER_1,virtual,12693.5,482.37,457.16
q4-2021,V-SOCCER_2,virtual,317.75,18.74,15.18
q4-2021,V-SOCCER_3,virtual,45.75,3.59,3.25
q4-2021,V-SOCCER_4,virtual,70.75,7,5.76
q1-2022,FINO,lottery,68677.5,5021.88,5082.67
q1-2022,FINO SELF,lottery,258,12.21,13.14
q1-2022,JACKPOT,lottery,12595,1574.48,1638.24
q1-2022,LOTO,lottery,1890.5,274.22,292.93
q1-2022,SEVEN-IN-ROW,lottery,622.5,72.89,58.29
q1-2022,LUCKY-3,lottery,535,51.93,50.56
q1-2022,PLUS-5,lottery,351.5,34.02,30.44
q1-2022,CAST WED,bettting,18,2.57,2.6
q1-2022,CAST SAT,bettting,2.25,0.32,0.33
q1-2022,CAST SUN,bettting,24,3.43,3.51
q1-2022,CASTGOALS,bettting,6.25,0.93,0.93
q1-2022,LUCKYSPIN,virtual,15438.75,402.04,425.29
q1-2022,GREYHOUNDS,bettting,43,1.25,0.98
q1-2022,BET_1,bettting,10170.25,248.62,231.66
q1-2022,BET_2,bettting,6010.5,300.66,322.99
q1-2022,BET_3,bettting,4859.75,340.3,360.35
q1-2022,BET_4,bettting,14227.5,1422.96,1468.42
q1-2022,V-SOCCER_1,virtual,43295.25,1645.25,1591.58
q1-2022,V-SOCCER_2,virtual,5044,297.63,256.38
q1-2022,V-SOCCER_3,virtual,2518.5,196.49,183.79
q1-2022,V-SOCCER_4,virtual,179.75,17.79,14.64
q2-2022,FINO,lottery,66667,4873.77,4994.38
q2-2022,FINO SELF,lottery,900.5,42.1,43.93
q2-2022,JACKPOT,lottery,12999,1625.05,1676.72
q2-2022,LOTO,lottery,1208,175.3,159.28
q2-2022,SEVEN-IN-ROW,lottery,715.5,83.74,55.36
q2-2022,LUCKY-3,lottery,448.5,43.57,47.7
q2-2022,PLUS-5,lottery,220.5,21.4,29.15
q2-2022,CAST WED,bettting,32,4.58,4.34
q2-2022,CAST SAT,bettting,20,2.86,2.89
q2-2022,CAST SUN,bettting,15,2.14,2.18
q2-2022,CASTGOALS,bettting,6.25,0.93,0.92
q2-2022,LUCKYSPIN,virtual,28500.5,742.74,791.7
q2-2022,GREYHOUNDS,bettting,0,0,0
q2-2022,BET_1,bettting,13652,318.85,276.2
q2-2022,BET_2,bettting,4090.75,201.24,209.36
q2-2022,BET_3,bettting,2584.25,180.38,185
q2-2022,BET_4,bettting,10119.25,1002.37,967.48
q2-2022,V-SOCCER_1,virtual,20634.75,764.59,761.24
q2-2022,V-SOCCER_2,virtual,712,42.01,36.58
q2-2022,V-SOCCER_3,virtual,335.25,26.18,24.65
q2-2022,V-SOCCER_4,virtual,109,10.8,9.61
q3-2022,FINO,lottery,96019,6826.87,6887.78
q3-2022,FINO SELF,lottery,1726,80.81,86.9
q3-2022,JACKPOT,lottery,24807.5,3101.25,3253.88
q3-2022,LOTO,lottery,1765.5,256.1,253.34
q3-2022,SEVEN-IN-ROW,lottery,992,116.09,117.73
q3-2022,LUCKY-3,lottery,386,37.53,31.26
q3-2022,PLUS-5,lottery,346,33.5,37.23
q3-2022,CAST WED,bettting,39,5.57,5.9
q3-2022,CAST SAT,bettting,32.75,4.69,4.67
q3-2022,CAST SUN,bettting,116.75,16.7,16.74
q3-2022,CASTGOALS,bettting,13.75,2.04,2.02
q3-2022,LUCKYSPIN,virtual,39112.25,1019.25,1100.72
q3-2022,GREYHOUNDS,bettting,0.5,0.01,0.01
q3-2022,BET_1,bettting,21254.25,467.51,446.97
q3-2022,BET_2,bettting,4879.75,233.69,231.08
q3-2022,BET_3,bettting,6017.5,413.05,393.05
q3-2022,BET_4,bettting,17386,1680.11,1633.61
q3-2022,V-SOCCER_1,virtual,28057.75,981.98,1016.82
q3-2022,V-SOCCER_2,virtual,1083.5,63.95,59.24
q3-2022,V-SOCCER_3,virtual,458,35.76,32.86
q3-2022,V-SOCCER_4,virtual,201.25,19.89,17.18
q4-2022,FINO,lottery,90895,6632.85,6583.16
q4-2022,FINO SELF,lottery,835,39.25,41.26
q4-2022,JACKPOT,lottery,17496,2187.3,2086.3
q4-2022,LOTO,lottery,1117,162.14,154.97
q4-2022,SEVEN-IN-ROW,lottery,702,82.25,83.58
q4-2022,LUCKY-3,lottery,428.5,41.55,43.97
q4-2022,PLUS-5,lottery,257,24.93,34.74
q4-2022,CAST WED,bettting,0,0,0
q4-2022,CAST SAT,bettting,31.75,4.53,4.44
q4-2022,CAST SUN,bettting,35,4.99,5.05
q4-2022,CASTGOALS,bettting,0,0,0
q4-2022,LUCKYSPIN,virtual,21480.25,559.01,627.66
q4-2022,GREYHOUNDS,bettting,0,0,0
q4-2022,BET_1,bettting,26964.5,444.43,351
q4-2022,BET_2,bettting,9491.5,369.6,364.78
q4-2022,BET_3,bettting,6133.5,346.1,324.17
q4-2022,BET_4,bettting,19484.5,1575.91,1466.73
q4-2022,V-SOCCER_1,virtual,37818,1323.69,1323.75
q4-2022,V-SOCCER_2,virtual,9201.75,542.93,485.03
q4-2022,V-SOCCER_3,virtual,1094.75,85.43,77.53
q4-2022,V-SOCCER_4,virtual,229.5,22.71,20.24
q1-2023,FINO,lottery,110623,8083.92,8396.59
q1-2023,FINO SELF,lottery,1326.5,61.96,62.38
q1-2023,JACKPOT,lottery,15993.5,1999.41,2091.13
q1-2023,LOTO,lottery,1232.5,178.79,172.13
q1-2023,SEVEN-IN-ROW,lottery,690.5,80.84,93.82
q1-2023,LUCKY-3,lottery,330.5,32.16,33.38
q1-2023,PLUS-5,lottery,253.5,24.57,22.93
q1-2023,CAST WED,bettting,12,1.71,1.74
q1-2023,CAST SAT,bettting,40.5,5.79,6.12
q1-2023,CAST SUN,bettting,33.5,4.78,4.81
q1-2023,CASTGOALS,bettting,0,0,0
q1-2023,LUCKYSPIN,virtual,29700.25,773.42,866.18
q1-2023,GREYHOUNDS,bettting,0,0,0
q1-2023,BET_1,bettting,16514.5,247.19,258.81
q1-2023,BET_2,bettting,6142,215.07,246.74
q1-2023,BET_3,bettting,3781.75,189.26,214.29
q1-2023,BET_4,bettting,17898,1288.6,1458.45
q1-2023,V-SOCCER_1,virtual,23072,807.62,802.56
q1-2023,V-SOCCER_2,virtual,1452.5,85.69,76.64
q1-2023,V-SOCCER_3,virtual,327.25,25.57,23.63
q1-2023,V-SOCCER_4,virtual,147.75,14.63,13.3
