date,game,category,sales,first_commission,final_commission,commission_rate_%,year,quarter,game_group
2017-04-01,FINO,lottery,104591.5,8367.32,8200.59,7.840589340433975,2017,2,FINO
2017-04-01,JACKPOT,lottery,14209.5,1705.14,1894.17,13.330307188852528,2017,2,JACKPOT
2017-04-01,LOTO,lottery,1237.0,148.44,178.81,14.455133387227162,2017,2,LOTO
2017-04-01,SEVEN-IN-ROW,lottery,858.0,102.96,99.13,11.553613053613052,2017,2,SEVEN-IN-ROW
2017-04-01,LUCKY-3,lottery,452.5,36.2,41.5,9.171270718232044,2017,2,LUCKY-3
2017-04-01,PLUS-5,lottery,128.5,15.42,6.12,4.762645914396887,2017,2,PLUS-5
2017-04-01,CAST WED,bettting,30.75,3.69,4.6,14.959349593495933,2017,2,CAST_GAMES
2017-04-01,CAST SAT,bettting,47.75,5.73,6.45,13.507853403141363,2017,2,CAST_GAMES
2017-04-01,CAST SUN,bettting,112.25,13.47,15.97,14.227171492204901,2017,2,CAST_GAMES
2017-04-01,CASTGOALS,bettting,36.75,4.41,5.59,15.210884353741497,2017,2,CAST_GAMES
2017-04-01,GREYHOUNDS,bettting,0.0,0.0,0.0,,2017,2,GREYHOUNDS
2017-04-01,BET PRE_1,bettting,9941.5,298.33,267.63,2.692048483629231,2017,2,BETTING
2017-04-01,BET PRE_2,bettting,6356.0,349.61,408.7,6.430144745122718,2017,2,BETTING
2017-04-01,BET PRE_3,bettting,8843.75,884.58,763.36,8.631632508833922,2017,2,BETTING
2017-04-01,BET PRE_4,bettting,17639.0,2204.89,1974.0,11.191110607177277,2017,2,BETTING
2017-04-01,BET LIVE_1,bettting,5791.25,173.79,210.65,3.637383984459314,2017,2,BETTING
2017-04-01,BET LIVE_2,bettting,514.75,28.4,32.22,6.259349198640117,2017,2,BETTING
2017-04-01,BET LIVE_3,bettting,285.25,28.53,27.47,9.630148992112183,2017,2,BETTING
2017-04-01,BET LIVE_4,bettting,253.0,31.7,32.76,12.948616600790514,2017,2,BETTING
2017-04-01,BET LIVE_5+,bettting,192.0,24.03,33.49,17.442708333333336,2017,2,BETTING
2017-04-01,V-SOCCER,virtual,18629.5,880.91,706.21,3.790815641858343,2017,2,VIRTUAL
2017-04-01,BET SELF_1,bettting,0.0,0.0,0.0,,2017,2,BETTING
2017-04-01,BET SELF_2,bettting,0.0,0.0,0.0,,2017,2,BETTING
2017-04-01,BET SELF_3,bettting,0.0,0.0,0.0,,2017,2,BETTING
2017-04-01,BET SELF_4,bettting,0.0,0.0,0.0,,2017,2,BETTING
2017-04-01,V-SOCCER SELF_1,virtual,0.0,0.0,0.0,,2017,2,VIRTUAL
2017-04-01,V-SOCCER SELF_2,virtual,0.0,0.0,0.0,,2017,2,VIRTUAL
2017-04-01,V-SOCCER SELF_3,virtual,0.0,0.0,0.0,,2017,2,VIRTUAL
2017-04-01,V-SOCCER SELF_4,virtual,0.0,0.0,0.0,,2017,2,VIRTUAL
2017-07-01,FINO,lottery,116944.0,9355.52,8957.66,7.659785880421397,2017,3,FINO
2017-07-01,JACKPOT,lottery,19727.0,2367.24,2711.75,13.746388198915193,2017,3,JACKPOT
2017-07-01,LOTO,lottery,2962.5,355.5,428.46,14.46278481012658,2017,3,LOTO
2017-07-01,SEVEN-IN-ROW,lottery,1507.5,180.9,178.23,11.822885572139302,2017,3,SEVEN-IN-ROW
2017-07-01,LUCKY-3,lottery,724.0,57.92,61.76,8.530386740331492,2017,3,LUCKY-3
2017-07-01,PLUS-5,lottery,233.0,27.96,28.03,12.030042918454937,2017,3,PLUS-5
2017-07-01,CAST WED,bettting,142.0,17.04,21.21,14.93661971830986,2017,3,CAST_GAMES
2017-07-01,CAST SAT,bettting,134.75,16.17,20.31,15.072356215213356,2017,3,CAST_GAMES
2017-07-01,CAST SUN,bettting,175.75,21.09,25.88,14.725462304409673,2017,3,CAST_GAMES
2017-07-01,CASTGOALS,bettting,14.25,1.71,2.23,15.649122807017543,2017,3,CAST_GAMES
2017-07-01,GREYHOUNDS,bettting,82.8,6.62,6.48,7.82608695652174,2017,3,GREYHOUNDS
2017-07-01,BET PRE_1,bettting,3486.75,104.72,126.58,3.630314763031476,2017,3,BETTING
2017-07-01,BET PRE_2,bettting,5065.75,278.64,417.31,8.237871983418053,2017,3,BETTING
2017-07-01,BET PRE_3,bettting,11457.75,1146.03,1187.86,10.367305971940388,2017,3,BETTING
2017-07-01,BET PRE_4,bettting,28414.0,3551.74,3873.54,13.63250510311818,2017,3,BETTING
2017-07-01,BET LIVE_1,bettting,16976.0,509.16,665.61,3.920888312912347,2017,3,BETTING
2017-07-01,BET LIVE_2,bettting,2376.75,130.79,180.46,7.592721152834754,2017,3,BETTING
2017-07-01,BET LIVE_3,bettting,586.75,58.68,58.16,9.912228376651044,2017,3,BETTING
2017-07-01,BET LIVE_4,bettting,502.0,62.82,65.7,13.087649402390438,2017,3,BETTING
2017-07-01,BET LIVE_5+,bettting,7.0,0.88,1.16,16.57142857142857,2017,3,BETTING
2017-07-01,V-SOCCER,virtual,28350.75,1134.03,1119.24,3.947832067934711,2017,3,VIRTUAL
2017-07-01,BET SELF_1,bettting,0.0,0.0,0.0,,2017,3,BETTING
2017-07-01,BET SELF_2,bettting,0.0,0.0,0.0,,2017,3,BETTING
2017-07-01,BET SELF_3,bettting,0.0,0.0,0.0,,2017,3,BETTING
2017-07-01,BET SELF_4,bettting,0.0,0.0,0.0,,2017,3,BETTING
2017-07-01,V-SOCCER SELF_1,virtual,0.0,0.0,0.0,,2017,3,VIRTUAL
2017-07-01,V-SOCCER SELF_2,virtual,0.0,0.0,0.0,,2017,3,VIRTUAL
2017-07-01,V-SOCCER SELF_3,virtual,0.0,0.0,0.0,,2017,3,VIRTUAL
2017-07-01,V-SOCCER SELF_4,virtual,0.0,0.0,0.0,,2017,3,VIRTUAL
2017-10-01,FINO,lottery,103262.0,8260.96,8026.15,7.772607541980594,2017,4,FINO
2017-10-01,JACKPOT,lottery,12111.0,1453.32,1622.71,13.398645859136323,2017,4,JACKPOT
2017-10-01,LOTO,lottery,1839.0,220.68,266.4,14.486133768352364,2017,4,LOTO
2017-10-01,SEVEN-IN-ROW,lottery,847.0,101.64,106.26,12.545454545454545,2017,4,SEVEN-IN-ROW
2017-10-01,LUCKY-3,lottery,792.5,63.4,84.67,10.68391167192429,2017,4,LUCKY-3
2017-10-01,PLUS-5,lottery,208.0,24.96,31.24,15.019230769230768,2017,4,PLUS-5
2017-10-01,CAST WED,bettting,10.5,1.26,1.57,14.952380952380953,2017,4,CAST_GAMES
2017-10-01,CAST SAT,bettting,93.75,11.25,14.01,14.943999999999999,2017,4,CAST_GAMES
2017-10-01,CAST SUN,bettting,84.5,10.14,12.94,15.313609467455622,2017,4,CAST_GAMES
2017-10-01,CASTGOALS,bettting,9.75,1.17,1.49,15.282051282051281,2017,4,CAST_GAMES
2017-10-01,GREYHOUNDS,bettting,46.5,3.72,3.93,8.451612903225806,2017,4,GREYHOUNDS
2017-10-01,BET PRE_1,bettting,5354.75,160.59,240.26,4.48685746300014,2017,4,BETTING
2017-10-01,BET PRE_2,bettting,6051.0,332.87,465.12,7.686663361427863,2017,4,BETTING
2017-10-01,BET PRE_3,bettting,8740.75,874.23,835.68,9.560735634813945,2017,4,BETTING
2017-10-01,BET PRE_4,bettting,20678.75,2585.01,2710.59,13.108094057909693,2017,4,BETTING
2017-10-01,BET LIVE_1,bettting,8965.25,267.51,347.35,3.8744039485792365,2017,4,BETTING
2017-10-01,BET LIVE_2,bettting,2040.5,112.31,145.56,7.133545699583435,2017,4,BETTING
2017-10-01,BET LIVE_3,bettting,1695.5,169.55,153.73,9.066941905042759,2017,4,BETTING
2017-10-01,BET LIVE_4,bettting,411.25,51.45,49.06,11.929483282674774,2017,4,BETTING
2017-10-01,BET LIVE_5+,bettting,0.0,0.0,0.0,,2017,4,BETTING
2017-10-01,V-SOCCER,virtual,35338.75,1413.55,1320.16,3.7357291924587033,2017,4,VIRTUAL
2017-10-01,BET SELF_1,bettting,2031.25,60.96,69.4,3.4166153846153846,2017,4,BETTING
2017-10-01,BET SELF_2,bettting,483.5,26.65,34.68,7.172699069286454,2017,4,BETTING
2017-10-01,BET SELF_3,bettting,239.25,23.93,23.05,9.634273772204807,2017,4,BETTING
2017-10-01,BET SELF_4,bettting,72.0,9.01,8.77,12.180555555555555,2017,4,BETTING
2017-10-01,V-SOCCER SELF_1,virtual,0.0,0.0,0.0,,2017,4,VIRTUAL
2017-10-01,V-SOCCER SELF_2,virtual,0.0,0.0,0.0,,2017,4,VIRTUAL
2017-10-01,V-SOCCER SELF_3,virtual,0.0,0.0,0.0,,2017,4,VIRTUAL
2017-10-01,V-SOCCER SELF_4,virtual,0.0,0.0,0.0,,2017,4,VIRTUAL
2018-01-01,FINO,lottery,111115.0,8395.0,8107.55,7.296539621113261,2018,1,FINO
2018-01-01,JACKPOT,lottery,14784.0,1820.7,1799.53,12.172145562770563,2018,1,JACKPOT
2018-01-01,LOTO,lottery,1676.0,232.48,260.05,15.516109785202865,2018,1,LOTO
2018-01-01,SEVEN-IN-ROW,lottery,1021.5,116.12,118.48,11.598629466470877,2018,1,SEVEN-IN-ROW
2018-01-01,LUCKY-3,lottery,776.0,66.73,68.87,8.875000000000002,2018,1,LUCKY-3
2018-01-01,PLUS-5,lottery,196.0,18.32,11.73,5.98469387755102,2018,1,PLUS-5
2018-01-01,CAST WED,bettting,41.0,4.92,5.82,14.195121951219514,2018,1,CAST_GAMES
2018-01-01,CAST SAT,bettting,19.5,2.34,2.77,14.205128205128206,2018,1,CAST_GAMES
2018-01-01,CAST SUN,bettting,108.0,12.96,15.19,14.064814814814813,2018,1,CAST_GAMES
2018-01-01,CASTGOALS,bettting,0.75,0.09,0.11,14.666666666666666,2018,1,CAST_GAMES
2018-01-01,GREYHOUNDS,bettting,79.2,6.07,5.71,7.2095959595959584,2018,1,GREYHOUNDS
2018-01-01,BET PRE_1,bettting,2007.5,57.36,73.91,3.6816936488169363,2018,1,BETTING
2018-01-01,BET PRE_2,bettting,5225.75,287.25,410.9,7.862986174233363,2018,1,BETTING
2018-01-01,BET PRE_3,bettting,8901.0,829.42,852.87,9.581732389619143,2018,1,BETTING
2018-01-01,BET PRE_4,bettting,21830.5,2655.6,2743.2,12.565905499186917,2018,1,BETTING
2018-01-01,BET LIVE_1,bettting,0.0,0.0,0.0,,2018,1,BETTING
2018-01-01,BET LIVE_2,bettting,0.0,0.0,0.0,,2018,1,BETTING
2018-01-01,BET LIVE_3,bettting,0.0,0.0,0.0,,2018,1,BETTING
2018-01-01,BET LIVE_4,bettting,0.0,0.0,0.0,,2018,1,BETTING
2018-01-01,BET LIVE_5+,bettting,0.0,0.0,0.0,,2018,1,BETTING
2018-01-01,V-SOCCER,virtual,44388.75,1599.91,1689.28,3.8056489538452873,2018,1,VIRTUAL
2018-01-01,BET SELF_1,bettting,6535.0,184.43,183.04,2.8009181331293034,2018,1,BETTING
2018-01-01,BET SELF_2,bettting,1079.0,59.44,62.69,5.810009267840592,2018,1,BETTING
2018-01-01,BET SELF_3,bettting,555.0,51.78,45.72,8.237837837837837,2018,1,BETTING
2018-01-01,BET SELF_4,bettting,158.0,19.16,17.58,11.126582278481012,2018,1,BETTING
2018-01-01,V-SOCCER SELF_1,virtual,0.0,0.0,0.0,,2018,1,VIRTUAL
2018-01-01,V-SOCCER SELF_2,virtual,0.0,0.0,0.0,,2018,1,VIRTUAL
2018-01-01,V-SOCCER SELF_3,virtual,0.0,0.0,0.0,,2018,1,VIRTUAL
2018-01-01,V-SOCCER SELF_4,virtual,0.0,0.0,0.0,,2018,1,VIRTUAL
2018-04-01,FINO,lottery,106116.0,7746.51,8024.33,7.561847412265823,2018,2,FINO
2018-04-01,JACKPOT,lottery,14565.5,1820.77,1803.72,12.383508976691497,2018,2,JACKPOT
2018-04-01,LOTO,lottery,2630.5,386.75,394.54,14.998669454476335,2018,2,LOTO
2018-04-01,SEVEN-IN-ROW,lottery,1003.5,111.43,124.35,12.391629297458893,2018,2,SEVEN-IN-ROW
2018-04-01,LUCKY-3,lottery,642.5,56.58,58.9,9.167315175097276,2018,2,LUCKY-3
2018-04-01,PLUS-5,lottery,193.0,16.19,13.97,7.238341968911917,2018,2,PLUS-5
2018-04-01,CAST WED,bettting,7.25,0.87,1.03,14.206896551724139,2018,2,CAST_GAMES
2018-04-01,CAST SAT,bettting,59.0,7.08,8.37,14.1864406779661,2018,2,CAST_GAMES
2018-04-01,CAST SUN,bettting,61.75,7.41,8.85,14.331983805668017,2018,2,CAST_GAMES
2018-04-01,CASTGOALS,bettting,5.5,0.66,0.8,14.545454545454547,2018,2,CAST_GAMES
2018-04-01,GREYHOUNDS,bettting,166.5,12.53,12.99,7.801801801801803,2018,2,GREYHOUNDS
2018-04-01,BET PRE_1,bettting,5533.0,138.48,161.61,2.9208386047352253,2018,2,BETTING
2018-04-01,BET PRE_2,bettting,4556.75,229.04,341.57,7.495912657047238,2018,2,BETTING
2018-04-01,BET PRE_3,bettting,8332.25,709.82,748.3,8.98076749977497,2018,2,BETTING
2018-04-01,BET PRE_4,bettting,16822.25,1856.78,2071.59,12.314583364294315,2018,2,BETTING
2018-04-01,BET LIVE_1,bettting,0.0,0.0,0.0,,2018,2,BETTING
2018-04-01,BET LIVE_2,bettting,0.0,0.0,0.0,,2018,2,BETTING
2018-04-01,BET LIVE_3,bettting,0.0,0.0,0.0,,2018,2,BETTING
2018-04-01,BET LIVE_4,bettting,0.0,0.0,0.0,,2018,2,BETTING
2018-04-01,V-SOCCER,virtual,36991.0,1295.07,1354.79,3.662485469438512,2018,2,VIRTUAL
2018-04-01,BET SELF_1,bettting,8241.5,206.15,225.81,2.7399138506339864,2018,2,BETTING
2018-04-01,BET SELF_2,bettting,1129.5,56.83,73.97,6.5489154493138555,2018,2,BETTING
2018-04-01,BET SELF_3,bettting,612.5,52.13,48.59,7.933061224489796,2018,2,BETTING
2018-04-01,BET SELF_4,bettting,250.25,27.57,28.12,11.236763236763238,2018,2,BETTING
2018-04-01,V-SOCCER SELF_1,virtual,1275.5,44.75,50.3,3.943551548412387,2018,2,VIRTUAL
2018-04-01,V-SOCCER SELF_2,virtual,72.5,4.54,4.75,6.551724137931035,2018,2,VIRTUAL
2018-04-01,V-SOCCER SELF_3,virtual,95.25,7.76,6.9,7.244094488188976,2018,2,VIRTUAL
2018-04-01,V-SOCCER SELF_4,virtual,112.0,11.75,11.5,10.267857142857142,2018,2,VIRTUAL
2018-07-01,FINO,lottery,106998.0,7810.89,7924.51,7.406222546215817,2018,3,FINO
2018-07-01,JACKPOT,lottery,22458.0,2807.36,2894.24,12.887345266720098,2018,3,JACKPOT
2018-07-01,LOTO,lottery,2124.0,312.24,292.18,13.756120527306967,2018,3,LOTO
2018-07-01,SEVEN-IN-ROW,lottery,1182.5,131.29,151.37,12.800845665961946,2018,3,SEVEN-IN-ROW
2018-07-01,LUCKY-3,lottery,562.0,49.47,53.73,9.56049822064057,2018,3,LUCKY-3
2018-07-01,PLUS-5,lottery,323.5,27.24,38.05,11.761978361669241,2018,3,PLUS-5
2018-07-01,CAST WED,bettting,26.5,3.18,3.75,14.150943396226415,2018,3,CAST_GAMES
2018-07-01,CAST SAT,bettting,49.25,5.91,6.98,14.17258883248731,2018,3,CAST_GAMES
2018-07-01,CAST SUN,bettting,153.25,18.39,22.26,14.525285481239806,2018,3,CAST_GAMES
2018-07-01,CASTGOALS,bettting,9.75,1.17,1.42,14.564102564102562,2018,3,CAST_GAMES
2018-07-01,GREYHOUNDS,bettting,0.0,0.0,0.0,,2018,3,GREYHOUNDS
2018-07-01,BET PRE_1,bettting,3028.25,75.7,108.82,3.593494592586477,2018,3,BETTING
2018-07-01,BET PRE_2,bettting,1434.5,71.73,114.95,8.013245033112582,2018,3,BETTING
2018-07-01,BET PRE_3,bettting,1028.75,87.46,111.41,10.829647630619684,2018,3,BETTING
2018-07-01,BET PRE_4,bettting,2071.0,227.82,264.94,12.792853693867698,2018,3,BETTING
2018-07-01,BET LIVE_1,bettting,0.0,0.0,0.0,,2018,3,BETTING
2018-07-01,BET LIVE_2,bettting,0.0,0.0,0.0,,2018,3,BETTING
2018-07-01,BET LIVE_3,bettting,0.0,0.0,0.0,,2018,3,BETTING
2018-07-01,BET LIVE_4,bettting,0.0,0.0,0.0,,2018,3,BETTING
2018-07-01,V-SOCCER,virtual,3784.5,132.46,109.72,2.8991940811203594,2018,3,VIRTUAL
2018-07-01,BET_1,bettting,14052.0,351.42,387.53,2.757828067179049,2018,3,BETTING
2018-07-01,BET_2,bettting,4973.0,248.74,309.28,6.2191835913935245,2018,3,BETTING
2018-07-01,BET_3,bettting,6046.25,514.03,452.93,7.491089518296465,2018,3,BETTING
2018-07-01,BET_4,bettting,24972.25,2746.89,2747.17,11.000890988997789,2018,3,BETTING
2018-07-01,V-SOCCER_1,virtual,88948.75,3291.15,3436.95,3.8639666099860874,2018,3,VIRTUAL
2018-07-01,V-SOCCER_2,virtual,508.5,31.81,31.9,6.273352999016716,2018,3,VIRTUAL
2018-07-01,V-SOCCER_3,virtual,469.5,37.56,34.37,7.3205537806176775,2018,3,VIRTUAL
2018-07-01,V-SOCCER_4,virtual,424.75,43.76,41.56,9.784579164214243,2018,3,VIRTUAL
2018-10-01,FINO,lottery,117363.0,8570.37,8445.81,7.19631400015337,2018,4,FINO
2018-10-01,JACKPOT,lottery,16408.5,2051.13,2028.58,12.362982600481457,2018,4,JACKPOT
2018-10-01,LOTO,lottery,2279.0,335.01,321.23,14.095217200526546,2018,4,LOTO
2018-10-01,SEVEN-IN-ROW,lottery,655.5,72.82,76.42,11.658276125095348,2018,4,SEVEN-IN-ROW
2018-10-01,LUCKY-3,lottery,865.5,76.17,84.05,9.711149624494512,2018,4,LUCKY-3
2018-10-01,PLUS-5,lottery,436.0,36.63,69.19,15.869266055045872,2018,4,PLUS-5
2018-10-01,CAST WED,bettting,68.5,8.22,9.47,13.824817518248175,2018,4,CAST_GAMES
2018-10-01,CAST SAT,bettting,29.5,3.54,4.18,14.169491525423727,2018,4,CAST_GAMES
2018-10-01,CAST SUN,bettting,72.0,8.64,10.21,14.180555555555557,2018,4,CAST_GAMES
2018-10-01,CASTGOALS,bettting,0.25,0.03,0.04,16.0,2018,4,CAST_GAMES
2018-10-01,GREYHOUNDS,bettting,0.0,0.0,0.0,,2018,4,GREYHOUNDS
2018-10-01,BET PRE_1,bettting,0.0,0.0,0.0,,2018,4,BETTING
2018-10-01,BET PRE_2,bettting,0.0,0.0,0.0,,2018,4,BETTING
2018-10-01,BET PRE_3,bettting,0.0,0.0,0.0,,2018,4,BETTING
2018-10-01,BET PRE_4,bettting,0.0,0.0,0.0,,2018,4,BETTING
2018-10-01,BET LIVE_1,bettting,0.0,0.0,0.0,,2018,4,BETTING
2018-10-01,BET LIVE_2,bettting,0.0,0.0,0.0,,2018,4,BETTING
2018-10-01,BET LIVE_3,bettting,0.0,0.0,0.0,,2018,4,BETTING
2018-10-01,BET LIVE_4,bettting,0.0,0.0,0.0,,2018,4,BETTING
2018-10-01,V-SOCCER,virtual,0.0,0.0,0.0,,2018,4,VIRTUAL
2018-10-01,BET_1,bettting,12568.5,315.1,342.08,2.721724947288857,2018,4,BETTING
2018-10-01,BET_2,bettting,7145.0,357.38,401.38,5.617634709587124,2018,4,BETTING
2018-10-01,BET_3,bettting,12316.0,1046.92,955.2,7.755764858720364,2018,4,BETTING
2018-10-01,BET_4,bettting,28504.5,3135.52,3124.41,10.96111140346261,2018,4,BETTING
2018-10-01,V-SOCCER_1,virtual,44039.25,1629.45,1756.53,3.9885556634138863,2018,4,VIRTUAL
2018-10-01,V-SOCCER_2,virtual,207.25,12.95,11.9,5.741857659831122,2018,4,VIRTUAL
2018-10-01,V-SOCCER_3,virtual,470.25,37.62,35.61,7.572567783094099,2018,4,VIRTUAL
2018-10-01,V-SOCCER_4,virtual,126.75,13.07,12.19,9.617357001972387,2018,4,VIRTUAL
2019-01-01,FINO,lottery,81266.0,5513.47,5694.63,7.007395466738858,2019,1,FINO
2019-01-01,FINO SELF,lottery,2330.5,97.6,105.32,4.519201888006865,2019,1,FINO
2019-01-01,JACKPOT,lottery,13079.0,1504.48,1604.83,12.270280602492544,2019,1,JACKPOT
2019-01-01,LOTO,lottery,1229.5,167.29,166.31,13.52663684424563,2019,1,LOTO
2019-01-01,SEVEN-IN-ROW,lottery,916.5,101.01,106.8,11.653027823240588,2019,1,SEVEN-IN-ROW
2019-01-01,LUCKY-3,lottery,328.5,28.84,29.18,8.882800608828006,2019,1,LUCKY-3
2019-01-01,PLUS-5,lottery,385.5,32.35,31.47,8.163424124513618,2019,1,PLUS-5
2019-01-01,CAST WED,bettting,44.0,5.85,6.04,13.727272727272727,2019,1,CAST_GAMES
2019-01-01,CAST SAT,bettting,47.75,6.36,6.47,13.549738219895287,2019,1,CAST_GAMES
2019-01-01,CAST SUN,bettting,29.25,3.88,3.97,13.572649572649572,2019,1,CAST_GAMES
2019-01-01,CASTGOALS,bettting,7.5,0.9,1.03,13.733333333333334,2019,1,CAST_GAMES
2019-01-01,GREYHOUNDS,bettting,0.0,0.0,0.0,,2019,1,GREYHOUNDS
2019-01-01,BET_1,bettting,14541.25,363.95,396.49,2.726656924267171,2019,1,BETTING
2019-01-01,BET_2,bettting,8309.0,415.31,423.86,5.101215549404261,2019,1,BETTING
2019-01-01,BET_3,bettting,8766.0,683.67,645.74,7.366415697011179,2019,1,BETTING
2019-01-01,BET_4,bettting,19531.75,2109.31,2131.36,10.912283845533555,2019,1,BETTING
2019-01-01,V-SOCCER_1,virtual,27953.25,978.41,1069.88,3.8273903750011184,2019,1,VIRTUAL
2019-01-01,V-SOCCER_2,virtual,160.75,8.91,8.9,5.536547433903577,2019,1,VIRTUAL
2019-01-01,V-SOCCER_3,virtual,132.5,9.56,9.19,6.9358490566037725,2019,1,VIRTUAL
2019-01-01,V-SOCCER_4,virtual,108.25,9.95,9.33,8.6189376443418,2019,1,VIRTUAL
2019-04-01,FINO,lottery,86926.0,5898.23,5972.35,6.870614085544026,2019,2,FINO
2019-04-01,FINO SELF,lottery,2808.0,117.49,128.05,4.560185185185186,2019,2,FINO
2019-04-01,JACKPOT,lottery,13002.5,1495.66,1601.08,12.313631993847336,2019,2,JACKPOT
2019-04-01,LOTO,lottery,1187.5,161.52,171.43,14.43621052631579,2019,2,LOTO
2019-04-01,SEVEN-IN-ROW,lottery,727.5,80.34,81.58,11.213745704467353,2019,2,SEVEN-IN-ROW
2019-04-01,LUCKY-3,lottery,663.5,58.11,59.56,8.976639035418236,2019,2,LUCKY-3
2019-04-01,PLUS-5,lottery,469.0,39.19,57.18,12.191897654584222,2019,2,PLUS-5
2019-04-01,CAST WED,bettting,7.5,1.01,1.02,13.600000000000001,2019,2,CAST_GAMES
2019-04-01,CAST SAT,bettting,10.5,1.39,1.42,13.523809523809524,2019,2,CAST_GAMES
2019-04-01,CAST SUN,bettting,24.25,3.22,3.29,13.567010309278352,2019,2,CAST_GAMES
2019-04-01,CASTGOALS,bettting,7.5,0.9,1.03,13.733333333333334,2019,2,CAST_GAMES
2019-04-01,GREYHOUNDS,bettting,0.0,0.0,0.0,,2019,2,GREYHOUNDS
2019-04-01,BET_1,bettting,15818.25,395.57,410.48,2.5949773205000555,2019,2,BETTING
2019-04-01,BET_2,bettting,10204.75,510.38,577.91,5.663147063867316,2019,2,BETTING
2019-04-01,BET_3,bettting,11132.5,868.35,817.54,7.343723332584775,2019,2,BETTING
2019-04-01,BET_4,bettting,17480.5,1887.88,1859.16,10.635622550842367,2019,2,BETTING
2019-04-01,V-SOCCER_1,virtual,15266.75,534.4,613.32,4.017357983853801,2019,2,VIRTUAL
2019-04-01,V-SOCCER_2,virtual,777.25,42.81,43.18,5.555484078481827,2019,2,VIRTUAL
2019-04-01,V-SOCCER_3,virtual,240.25,17.31,17.66,7.350676378772112,2019,2,VIRTUAL
2019-04-01,V-SOCCER_4,virtual,206.75,19.04,18.87,9.126964933494559,2019,2,VIRTUAL
2019-07-01,FINO,lottery,135536.0,9205.98,9437.88,6.963375044268681,2019,3,FINO
2019-07-01,FINO SELF,lottery,2477.0,103.82,111.23,4.490512716996366,2019,3,FINO
2019-07-01,JACKPOT,lottery,21769.5,2503.97,2909.93,13.367004294999884,2019,3,JACKPOT
2019-07-01,LOTO,lottery,1665.0,226.51,214.36,12.874474474474477,2019,3,LOTO
2019-07-01,SEVEN-IN-ROW,lottery,1166.0,128.59,132.52,11.365351629502573,2019,3,SEVEN-IN-ROW
2019-07-01,LUCKY-3,lottery,704.0,61.54,71.94,10.21875,2019,3,LUCKY-3
2019-07-01,PLUS-5,lottery,435.0,36.26,46.46,10.680459770114943,2019,3,PLUS-5
2019-07-01,CAST WED,bettting,42.0,5.59,4.62,11.0,2019,3,CAST_GAMES
2019-07-01,CAST SAT,bettting,11.75,1.57,1.49,12.680851063829786,2019,3,CAST_GAMES
2019-07-01,CAST SUN,bettting,23.0,3.07,2.82,12.26086956521739,2019,3,CAST_GAMES
2019-07-01,CASTGOALS,bettting,0.25,0.03,0.03,12.0,2019,3,CAST_GAMES
2019-07-01,GREYHOUNDS,bettting,0.0,0.0,0.0,,2019,3,GREYHOUNDS
2019-07-01,BET_1,bettting,41897.0,1047.51,1049.4,2.5047139413323154,2019,3,BETTING
2019-07-01,BET_2,bettting,14723.0,736.29,726.88,4.937037288596073,2019,3,BETTING
2019-07-01,BET_3,bettting,9123.5,711.68,633.18,6.940099742423412,2019,3,BETTING
2019-07-01,BET_4,bettting,21569.75,2329.53,2026.37,9.394499240834966,2019,3,BETTING
2019-07-01,V-SOCCER_1,virtual,46363.75,1622.8,1784.09,3.848027823461217,2019,3,VIRTUAL
2019-07-01,V-SOCCER_2,virtual,696.75,38.43,36.09,5.179763186221744,2019,3,VIRTUAL
2019-07-01,V-SOCCER_3,virtual,232.0,16.7,15.82,6.818965517241379,2019,3,VIRTUAL
2019-07-01,V-SOCCER_4,virtual,240.25,22.13,21.73,9.04474505723205,2019,3,VIRTUAL
2019-10-01,FINO,lottery,79815.0,5415.96,5642.27,7.069184990290046,2019,4,FINO
2019-10-01,FINO SELF,lottery,2003.5,83.66,95.52,4.7676566009483405,2019,4,FINO
2019-10-01,JACKPOT,lottery,14939.5,1718.49,1501.55,10.05087184979417,2019,4,JACKPOT
2019-10-01,LOTO,lottery,827.5,112.61,99.84,12.065256797583082,2019,4,LOTO
2019-10-01,SEVEN-IN-ROW,lottery,706.0,77.92,75.15,10.644475920679888,2019,4,SEVEN-IN-ROW
2019-10-01,LUCKY-3,lottery,359.5,31.3,33.35,9.276773296244786,2019,4,LUCKY-3
2019-10-01,PLUS-5,lottery,281.5,23.52,39.04,13.86856127886323,2019,4,PLUS-5
2019-10-01,CAST WED,bettting,4.0,0.53,0.59,14.75,2019,4,CAST_GAMES
2019-10-01,CAST SAT,bettting,8.5,1.13,1.18,13.882352941176471,2019,4,CAST_GAMES
2019-10-01,CAST SUN,bettting,50.0,6.65,7.01,14.02,2019,4,CAST_GAMES
2019-10-01,CASTGOALS,bettting,0.0,0.0,0.0,,2019,4,CAST_GAMES
2019-10-01,GREYHOUNDS,bettting,0.0,0.0,0.0,,2019,4,GREYHOUNDS
2019-10-01,BET_1,bettting,12897.25,322.5,281.72,2.1843416232142516,2019,4,BETTING
2019-10-01,BET_2,bettting,8842.75,442.31,414.13,4.683271606683441,2019,4,BETTING
2019-10-01,BET_3,bettting,8804.25,686.79,577.03,6.553993809807763,2019,4,BETTING
2019-10-01,BET_4,bettting,24834.0,2682.14,2417.17,9.73330917290811,2019,4,BETTING
2019-10-01,V-SOCCER_1,virtual,38512.25,1347.97,1412.24,3.6669890749047385,2019,4,VIRTUAL
2019-10-01,V-SOCCER_2,virtual,274.25,15.16,14.25,5.195989061075661,2019,4,VIRTUAL
2019-10-01,V-SOCCER_3,virtual,558.75,40.26,40.1,7.176733780760626,2019,4,VIRTUAL
2019-10-01,V-SOCCER_4,virtual,182.0,16.77,16.46,9.043956043956044,2019,4,VIRTUAL
2020-01-01,FINO,lottery,67309.0,4566.11,4613.67,6.854462256161881,2020,1,FINO
2020-01-01,FINO SELF,lottery,1750.5,73.04,79.63,4.548986003998857,2020,1,FINO
2020-01-01,JACKPOT,lottery,12482.0,1435.9,1645.11,13.179858996955614,2020,1,JACKPOT
2020-01-01,LOTO,lottery,552.5,75.21,81.88,14.819909502262444,2020,1,LOTO
2020-01-01,SEVEN-IN-ROW,lottery,782.0,86.21,93.92,12.010230179028133,2020,1,SEVEN-IN-ROW
2020-01-01,LUCKY-3,lottery,498.5,43.28,47.37,9.502507522567702,2020,1,LUCKY-3
2020-01-01,PLUS-5,lottery,322.5,27.08,28.61,8.871317829457364,2020,1,PLUS-5
2020-01-01,CAST WED,bettting,0.25,0.03,0.03,12.0,2020,1,CAST_GAMES
2020-01-01,CAST SAT,bettting,1.25,0.16,0.17,13.600000000000001,2020,1,CAST_GAMES
2020-01-01,CAST SUN,bettting,28.5,3.79,3.83,13.438596491228068,2020,1,CAST_GAMES
2020-01-01,CASTGOALS,bettting,0.0,0.0,0.0,,2020,1,CAST_GAMES
2020-01-01,GREYHOUNDS,bettting,0.0,0.0,0.0,,2020,1,GREYHOUNDS
2020-01-01,BET_1,bettting,14782.5,332.28,381.7,2.5821072213766274,2020,1,BETTING
2020-01-01,BET_2,bettting,7781.0,369.69,422.19,5.425909266161161,2020,1,BETTING
2020-01-01,BET_3,bettting,3987.25,270.95,287.69,7.215248604928208,2020,1,BETTING
2020-01-01,BET_4,bettting,12945.0,1269.44,1315.07,10.158903051371185,2020,1,BETTING
2020-01-01,V-SOCCER_1,virtual,14751.25,516.33,559.63,3.7937801881196513,2020,1,VIRTUAL
2020-01-01,V-SOCCER_2,virtual,400.0,22.04,21.07,5.2675,2020,1,VIRTUAL
2020-01-01,V-SOCCER_3,virtual,433.5,31.19,28.25,6.516724336793541,2020,1,VIRTUAL
2020-01-01,V-SOCCER_4,virtual,75.5,6.95,6.5,8.609271523178808,2020,1,VIRTUAL
2020-04-01,FINO,lottery,48617.0,3296.96,3441.66,7.079128699837504,2020,2,FINO
2020-04-01,FINO SELF,lottery,211.0,8.84,9.55,4.5260663507109005,2020,2,FINO
2020-04-01,JACKPOT,lottery,10341.5,1189.65,1255.85,12.14378958565005,2020,2,JACKPOT
2020-04-01,LOTO,lottery,357.0,48.68,43.81,12.27170868347339,2020,2,LOTO
2020-04-01,SEVEN-IN-ROW,lottery,360.5,39.85,40.34,11.190013869625522,2020,2,SEVEN-IN-ROW
2020-04-01,LUCKY-3,lottery,321.0,28.08,29.02,9.0404984423676,2020,2,LUCKY-3
2020-04-01,PLUS-5,lottery,233.0,19.41,14.06,6.034334763948498,2020,2,PLUS-5
2020-04-01,CAST WED,bettting,0.0,0.0,0.0,,2020,2,CAST_GAMES
2020-04-01,CAST SAT,bettting,7.5,1.0,1.0,13.333333333333334,2020,2,CAST_GAMES
2020-04-01,CAST SUN,bettting,35.25,4.68,4.72,13.390070921985814,2020,2,CAST_GAMES
2020-04-01,CASTGOALS,bettting,2.5,0.3,0.34,13.600000000000001,2020,2,CAST_GAMES
2020-04-01,LUCKYSPIN,virtual,21.25,0.49,0.56,2.635294117647059,2020,2,LUCKYSPIN
2020-04-01,BET_1,bettting,3909.75,88.25,75.41,1.9287678240296695,2020,2,BETTING
2020-04-01,BET_2,bettting,2066.5,98.18,101.47,4.910234696346479,2020,2,BETTING
2020-04-01,BET_3,bettting,3801.75,258.66,268.43,7.060695732228579,2020,2,BETTING
2020-04-01,BET_4,bettting,5152.75,504.97,549.46,10.6634321478822,2020,2,BETTING
2020-04-01,V-SOCCER_1,virtual,20963.75,733.77,821.74,3.9198139645817185,2020,2,VIRTUAL
2020-04-01,V-SOCCER_2,virtual,232.25,12.82,12.39,5.334768568353068,2020,2,VIRTUAL
2020-04-01,V-SOCCER_3,virtual,109.0,7.87,7.47,6.853211009174312,2020,2,VIRTUAL
2020-04-01,V-SOCCER_4,virtual,27.0,2.49,2.52,9.333333333333334,2020,2,VIRTUAL
2020-07-01,FINO,lottery,131352.5,8917.41,9056.46,6.894775508650388,2020,3,FINO
2020-07-01,FINO SELF,lottery,774.0,32.29,34.68,4.48062015503876,2020,3,FINO
2020-07-01,JACKPOT,lottery,25755.5,2962.92,3079.55,11.95686358253577,2020,3,JACKPOT
2020-07-01,LOTO,lottery,1043.0,142.05,141.37,13.554170661553213,2020,3,LOTO
2020-07-01,SEVEN-IN-ROW,lottery,966.0,106.67,107.96,11.175983436853002,2020,3,SEVEN-IN-ROW
2020-07-01,LUCKY-3,lottery,687.5,60.0,64.11,9.325090909090909,2020,3,LUCKY-3
2020-07-01,PLUS-5,lottery,458.0,38.22,56.61,12.360262008733624,2020,3,PLUS-5
2020-07-01,CAST WED,bettting,4.0,0.53,0.48,12.0,2020,3,CAST_GAMES
2020-07-01,CAST SAT,bettting,23.25,3.09,3.11,13.376344086021504,2020,3,CAST_GAMES
2020-07-01,CAST SUN,bettting,95.75,12.73,12.8,13.368146214099216,2020,3,CAST_GAMES
2020-07-01,CASTGOALS,bettting,9.75,1.17,1.33,13.641025641025642,2020,3,CAST_GAMES
2020-07-01,LUCKYSPIN,virtual,15191.0,350.69,382.68,2.519123165031927,2020,3,LUCKYSPIN
2020-07-01,BET_1,bettting,17017.75,382.2,417.88,2.455553760044659,2020,3,BETTING
2020-07-01,BET_2,bettting,12511.5,594.29,572.79,4.57810814051073,2020,3,BETTING
2020-07-01,BET_3,bettting,8980.25,610.61,618.7,6.8895632081512215,2020,3,BETTING
2020-07-01,BET_4,bettting,18015.5,1765.44,1820.36,10.10441009131026,2020,3,BETTING
2020-07-01,V-SOCCER_1,virtual,35598.75,1245.9,1244.54,3.4960216299729625,2020,3,VIRTUAL
2020-07-01,V-SOCCER_2,virtual,1230.25,67.75,65.19,5.298922983133509,2020,3,VIRTUAL
2020-07-01,V-SOCCER_3,virtual,597.0,42.97,43.03,7.207705192629817,2020,3,VIRTUAL
2020-07-01,V-SOCCER_4,virtual,144.75,13.38,11.95,8.255613126079448,2020,3,VIRTUAL
2020-10-01,FINO,lottery,40998.5,2782.14,2772.35,6.762076661341268,2020,4,FINO
2020-10-01,FINO SELF,lottery,71.0,2.98,3.36,4.732394366197183,2020,4,FINO
2020-10-01,JACKPOT,lottery,8637.5,993.49,1148.9,13.301302460202605,2020,4,JACKPOT
2020-10-01,LOTO,lottery,306.5,41.73,46.31,15.109298531810767,2020,4,LOTO
2020-10-01,SEVEN-IN-ROW,lottery,251.0,27.71,29.35,11.693227091633467,2020,4,SEVEN-IN-ROW
2020-10-01,LUCKY-3,lottery,179.5,15.7,14.72,8.200557103064067,2020,4,LUCKY-3
2020-10-01,PLUS-5,lottery,160.5,13.37,9.24,5.757009345794393,2020,4,PLUS-5
2020-10-01,CAST WED,bettting,20.5,2.73,3.21,15.658536585365853,2020,4,CAST_GAMES
2020-10-01,CAST SAT,bettting,30.0,3.99,4.05,13.499999999999998,2020,4,CAST_GAMES
2020-10-01,CAST SUN,bettting,46.5,6.2,6.25,13.440860215053762,2020,4,CAST_GAMES
2020-10-01,CASTGOALS,bettting,2.5,0.3,0.35,13.999999999999998,2020,4,CAST_GAMES
2020-10-01,LUCKYSPIN,virtual,2528.5,58.24,65.69,2.5979829938698833,2020,4,LUCKYSPIN
2020-10-01,GREYHOUNDS,bettting,0.0,0.0,0.0,,2020,4,GREYHOUNDS
2020-10-01,BET_1,bettting,2046.5,46.05,55.98,2.7354019056926457,2020,4,BETTING
2020-10-01,BET_2,bettting,1422.75,67.58,73.68,5.178703215603584,2020,4,BETTING
2020-10-01,BET_3,bettting,2345.5,159.5,174.12,7.42357706246003,2020,4,BETTING
2020-10-01,BET_4,bettting,7899.25,774.14,788.04,9.976136975029275,2020,4,BETTING
2020-10-01,V-SOCCER_1,virtual,8710.5,304.88,372.89,4.280925320016073,2020,4,VIRTUAL
2020-10-01,V-SOCCER_2,virtual,482.75,26.59,24.56,5.0875194199896425,2020,4,VIRTUAL
2020-10-01,V-SOCCER_3,virtual,412.5,29.69,28.34,6.870303030303031,2020,4,VIRTUAL
2020-10-01,V-SOCCER_4,virtual,42.75,3.93,3.95,9.239766081871345,2020,4,VIRTUAL
2021-01-01,FINO,lottery,8710.0,592.1,647.6,7.435132032146957,2021,1,FINO
2021-01-01,FINO SELF,lottery,26.0,1.13,1.25,4.807692307692308,2021,1,FINO
2021-01-01,JACKPOT,lottery,1605.0,184.62,265.86,16.56448598130841,2021,1,JACKPOT
2021-01-01,LOTO,lottery,67.0,9.11,8.85,13.208955223880597,2021,1,LOTO
2021-01-01,SEVEN-IN-ROW,lottery,40.5,4.47,4.16,10.271604938271606,2021,1,SEVEN-IN-ROW
2021-01-01,LUCKY-3,lottery,20.0,1.83,1.46,7.3,2021,1,LUCKY-3
2021-01-01,PLUS-5,lottery,40.5,3.65,3.96,9.777777777777779,2021,1,PLUS-5
2021-01-01,CAST WED,bettting,0.0,0.0,0.0,,2021,1,CAST_GAMES
2021-01-01,CAST SAT,bettting,0.0,0.0,0.0,,2021,1,CAST_GAMES
2021-01-01,CAST SUN,bettting,1.5,0.2,0.22,14.666666666666666,2021,1,CAST_GAMES
2021-01-01,CASTGOALS,bettting,0.0,0.0,0.0,,2021,1,CAST_GAMES
2021-01-01,LUCKYSPIN,virtual,2005.25,46.18,48.82,2.434609150978681,2021,1,LUCKYSPIN
2021-01-01,GREYHOUNDS,bettting,0.0,0.0,0.0,,2021,1,GREYHOUNDS
2021-01-01,BET_1,bettting,1736.0,39.0,44.69,2.5743087557603688,2021,1,BETTING
2021-01-01,BET_2,bettting,623.75,29.63,37.51,6.013627254509018,2021,1,BETTING
2021-01-01,BET_3,bettting,291.5,19.83,23.05,7.907375643224699,2021,1,BETTING
2021-01-01,BET_4,bettting,903.0,88.48,96.68,10.70653377630122,2021,1,BETTING
2021-01-01,V-SOCCER_1,virtual,2461.75,86.18,96.81,3.932568294912156,2021,1,VIRTUAL
2021-01-01,V-SOCCER_2,virtual,59.5,3.28,3.32,5.579831932773109,2021,1,VIRTUAL
2021-01-01,V-SOCCER_3,virtual,52.0,3.75,4.05,7.788461538461538,2021,1,VIRTUAL
2021-01-01,V-SOCCER_4,virtual,6.25,0.57,0.54,8.64,2021,1,VIRTUAL
2021-04-01,FINO,lottery,88104.5,6439.73,6614.9,7.5080160491234835,2021,2,FINO
2021-04-01,FINO SELF,lottery,579.0,27.56,27.95,4.827288428324698,2021,2,FINO
2021-04-01,JACKPOT,lottery,9747.0,1218.54,1246.49,12.7884477275059,2021,2,JACKPOT
2021-04-01,LOTO,lottery,591.0,85.78,77.85,13.172588832487309,2021,2,LOTO
2021-04-01,SEVEN-IN-ROW,lottery,732.5,85.73,83.06,11.33924914675768,2021,2,SEVEN-IN-ROW
2021-04-01,LUCKY-3,lottery,357.5,34.72,34.65,9.692307692307692,2021,2,LUCKY-3
2021-04-01,PLUS-5,lottery,381.5,36.96,33.43,8.762778505897773,2021,2,PLUS-5
2021-04-01,CAST WED,bettting,2.0,0.29,0.2,10.0,2021,2,CAST_GAMES
2021-04-01,CAST SAT,bettting,19.0,2.71,2.22,11.68421052631579,2021,2,CAST_GAMES
2021-04-01,CAST SUN,bettting,18.75,2.67,2.71,14.453333333333331,2021,2,CAST_GAMES
2021-04-01,CASTGOALS,bettting,10.25,1.52,0.65,6.341463414634147,2021,2,CAST_GAMES
2021-04-01,LUCKYSPIN,virtual,17572.75,457.53,486.85,2.7704827076012575,2021,2,LUCKYSPIN
2021-04-01,GREYHOUNDS,bettting,10.0,0.29,0.34,3.4000000000000004,2021,2,GREYHOUNDS
2021-04-01,BET_1,bettting,10379.5,254.29,316.57,3.049954236716605,2021,2,BETTING
2021-04-01,BET_2,bettting,3121.0,162.26,176.03,5.640179429669978,2021,2,BETTING
2021-04-01,BET_3,bettting,3172.0,231.42,224.17,7.067150063051702,2021,2,BETTING
2021-04-01,BET_4,bettting,6941.5,735.84,725.52,10.451919613916301,2021,2,BETTING
2021-04-01,V-SOCCER_1,virtual,13659.5,519.08,536.41,3.9270105055089863,2021,2,VIRTUAL
2021-04-01,V-SOCCER_2,virtual,1740.75,102.7,90.62,5.205802096797358,2021,2,VIRTUAL
2021-04-01,V-SOCCER_3,virtual,571.25,44.58,39.95,6.9934354485776815,2021,2,VIRTUAL
2021-04-01,V-SOCCER_4,virtual,56.5,5.63,5.54,9.805309734513274,2021,2,VIRTUAL
2021-07-01,FINO,lottery,117831.5,8611.52,8845.79,7.507152162197715,2021,3,FINO
2021-07-01,FINO SELF,lottery,991.0,46.58,46.24,4.6659939455095865,2021,3,FINO
2021-07-01,JACKPOT,lottery,17975.0,2247.12,2358.95,13.123504867872043,2021,3,JACKPOT
2021-07-01,LOTO,lottery,1650.5,239.4,249.22,15.099666767646166,2021,3,LOTO
2021-07-01,SEVEN-IN-ROW,lottery,981.5,114.9,121.52,12.381049414161996,2021,3,SEVEN-IN-ROW
2021-07-01,LUCKY-3,lottery,2390.5,231.94,232.34,9.719305584605731,2021,3,LUCKY-3
2021-07-01,PLUS-5,lottery,438.5,42.52,52.18,11.899657924743444,2021,3,PLUS-5
2021-07-01,CAST WED,bettting,15.0,2.15,2.08,13.866666666666665,2021,3,CAST_GAMES
2021-07-01,CAST SAT,bettting,28.0,3.99,4.01,14.321428571428571,2021,3,CAST_GAMES
2021-07-01,CAST SUN,bettting,141.5,20.23,20.36,14.3886925795053,2021,3,CAST_GAMES
2021-07-01,CASTGOALS,bettting,10.0,1.48,1.46,14.6,2021,3,CAST_GAMES
2021-07-01,LUCKYSPIN,virtual,15703.25,408.9,434.61,2.767643640647637,2021,3,LUCKYSPIN
2021-07-01,GREYHOUNDS,bettting,120.0,3.48,4.77,3.974999999999999,2021,3,GREYHOUNDS
2021-07-01,BET_1,bettting,9209.5,225.61,221.4,2.4040393072370922,2021,3,BETTING
2021-07-01,BET_2,bettting,4611.0,239.85,238.21,5.166124484927348,2021,3,BETTING
2021-07-01,BET_3,bettting,4779.75,348.96,347.11,7.262095297871228,2021,3,BETTING
2021-07-01,BET_4,bettting,14771.5,1565.77,1536.57,10.40226111092306,2021,3,BETTING
2021-07-01,V-SOCCER_1,virtual,20194.0,767.4,726.57,3.5979498861047836,2021,3,VIRTUAL
2021-07-01,V-SOCCER_2,virtual,1872.0,110.45,98.19,5.2451923076923075,2021,3,VIRTUAL
2021-07-01,V-SOCCER_3,virtual,382.75,29.88,28.67,7.490529065969954,2021,3,VIRTUAL
2021-07-01,V-SOCCER_4,virtual,45.25,4.5,4.24,9.370165745856355,2021,3,VIRTUAL
2021-10-01,FINO,lottery,94880.0,6935.36,7184.76,7.572470489038786,2021,4,FINO
2021-10-01,FINO SELF,lottery,509.0,24.15,24.81,4.87426326129666,2021,4,FINO
2021-10-01,JACKPOT,lottery,11950.5,1493.97,1388.47,11.618509685787206,2021,4,JACKPOT
2021-10-01,LOTO,lottery,2869.5,416.19,413.75,14.418888308067606,2021,4,LOTO
2021-10-01,SEVEN-IN-ROW,lottery,533.5,62.5,47.02,8.813495782567948,2021,4,SEVEN-IN-ROW
2021-10-01,LUCKY-3,lottery,751.5,73.02,73.14,9.732534930139721,2021,4,LUCKY-3
2021-10-01,PLUS-5,lottery,368.5,35.72,44.11,11.970149253731343,2021,4,PLUS-5
2021-10-01,CAST WED,bettting,0.25,0.04,0.05,20.0,2021,4,CAST_GAMES
2021-10-01,CAST SAT,bettting,2.5,0.36,0.39,15.6,2021,4,CAST_GAMES
2021-10-01,CAST SUN,bettting,35.75,5.11,5.1,14.265734265734265,2021,4,CAST_GAMES
2021-10-01,CASTGOALS,bettting,11.25,1.67,2.64,23.46666666666667,2021,4,CAST_GAMES
2021-10-01,LUCKYSPIN,virtual,44914.0,1169.69,1223.74,2.7246292915349333,2021,4,LUCKYSPIN
2021-10-01,GREYHOUNDS,bettting,2.25,0.07,0.07,3.111111111111111,2021,4,GREYHOUNDS
2021-10-01,BET_1,bettting,6022.25,147.76,133.35,2.2142886794802608,2021,4,BETTING
2021-10-01,BET_2,bettting,6454.25,331.2,290.88,4.506797846380292,2021,4,BETTING
2021-10-01,BET_3,bettting,3984.5,287.81,266.26,6.682394277826578,2021,4,BETTING
2021-10-01,BET_4,bettting,14601.75,1523.59,1559.42,10.679678805622613,2021,4,BETTING
2021-10-01,V-SOCCER_1,virtual,12693.5,482.37,457.16,3.601528341277032,2021,4,VIRTUAL
2021-10-01,V-SOCCER_2,virtual,317.75,18.74,15.18,4.777340676632573,2021,4,VIRTUAL
2021-10-01,V-SOCCER_3,virtual,45.75,3.59,3.25,7.103825136612022,2021,4,VIRTUAL
2021-10-01,V-SOCCER_4,virtual,70.75,7.0,5.76,8.141342756183745,2021,4,VIRTUAL
2022-01-01,FINO,lottery,68677.5,5021.88,5082.67,7.400779003312584,2022,1,FINO
2022-01-01,FINO SELF,lottery,258.0,12.21,13.14,5.093023255813954,2022,1,FINO
2022-01-01,JACKPOT,lottery,12595.0,1574.48,1638.24,13.007066296149267,2022,1,JACKPOT
2022-01-01,LOTO,lottery,1890.5,274.22,292.93,15.494842634223751,2022,1,LOTO
2022-01-01,SEVEN-IN-ROW,lottery,622.5,72.89,58.29,9.363855421686747,2022,1,SEVEN-IN-ROW
2022-01-01,LUCKY-3,lottery,535.0,51.93,50.56,9.450467289719626,2022,1,LUCKY-3
2022-01-01,PLUS-5,lottery,351.5,34.02,30.44,8.660028449502134,2022,1,PLUS-5
2022-01-01,CAST WED,bettting,18.0,2.57,2.6,14.444444444444446,2022,1,CAST_GAMES
2022-01-01,CAST SAT,bettting,2.25,0.32,0.33,14.666666666666666,2022,1,CAST_GAMES
2022-01-01,CAST SUN,bettting,24.0,3.43,3.51,14.625,2022,1,CAST_GAMES
2022-01-01,CASTGOALS,bettting,6.25,0.93,0.93,14.88,2022,1,CAST_GAMES
2022-01-01,LUCKYSPIN,virtual,15438.75,402.04,425.29,2.754691927779127,2022,1,LUCKYSPIN
2022-01-01,GREYHOUNDS,bettting,43.0,1.25,0.98,2.27906976744186,2022,1,GREYHOUNDS
2022-01-01,BET_1,bettting,10170.25,248.62,231.66,2.2778201125832696,2022,1,BETTING
2022-01-01,BET_2,bettting,6010.5,300.66,322.99,5.373762582147908,2022,1,BETTING
2022-01-01,BET_3,bettting,4859.75,340.3,360.35,7.4149904830495394,2022,1,BETTING
2022-01-01,BET_4,bettting,14227.5,1422.96,1468.42,10.320998067123528,2022,1,BETTING
2022-01-01,V-SOCCER_1,virtual,43295.25,1645.25,1591.58,3.6761076561516557,2022,1,VIRTUAL
2022-01-01,V-SOCCER_2,virtual,5044.0,297.63,256.38,5.0828707375099125,2022,1,VIRTUAL
2022-01-01,V-SOCCER_3,virtual,2518.5,196.49,183.79,7.297597776454238,2022,1,VIRTUAL
2022-01-01,V-SOCCER_4,virtual,179.75,17.79,14.64,8.144645340751042,2022,1,VIRTUAL
2022-04-01,FINO,lottery,66667.0,4873.77,4994.38,7.491532542337288,2022,2,FINO
2022-04-01,FINO SELF,lottery,900.5,42.1,43.93,4.878400888395336,2022,2,FINO
2022-04-01,JACKPOT,lottery,12999.0,1625.05,1676.72,12.898838372182475,2022,2,JACKPOT
2022-04-01,LOTO,lottery,1208.0,175.3,159.28,13.185430463576159,2022,2,LOTO
2022-04-01,SEVEN-IN-ROW,lottery,715.5,83.74,55.36,7.737246680642906,2022,2,SEVEN-IN-ROW
2022-04-01,LUCKY-3,lottery,448.5,43.57,47.7,10.635451505016723,2022,2,LUCKY-3
2022-04-01,PLUS-5,lottery,220.5,21.4,29.15,13.219954648526077,2022,2,PLUS-5
2022-04-01,CAST WED,bettting,32.0,4.58,4.34,13.5625,2022,2,CAST_GAMES
2022-04-01,CAST SAT,bettting,20.0,2.86,2.89,14.450000000000001,2022,2,CAST_GAMES
2022-04-01,CAST SUN,bettting,15.0,2.14,2.18,14.533333333333335,2022,2,CAST_GAMES
2022-04-01,CASTGOALS,bettting,6.25,0.93,0.92,14.719999999999999,2022,2,CAST_GAMES
2022-04-01,LUCKYSPIN,virtual,28500.5,742.74,791.7,2.777846002701707,2022,2,LUCKYSPIN
2022-04-01,GREYHOUNDS,bettting,0.0,0.0,0.0,,2022,2,GREYHOUNDS
2022-04-01,BET_1,bettting,13652.0,318.85,276.2,2.023146791678875,2022,2,BETTING
2022-04-01,BET_2,bettting,4090.75,201.24,209.36,5.117887917863473,2022,2,BETTING
2022-04-01,BET_3,bettting,2584.25,180.38,185.0,7.158750120924832,2022,2,BETTING
2022-04-01,BET_4,bettting,10119.25,1002.37,967.48,9.560787607777256,2022,2,BETTING
2022-04-01,V-SOCCER_1,virtual,20634.75,764.59,761.24,3.68911666000315,2022,2,VIRTUAL
2022-04-01,V-SOCCER_2,virtual,712.0,42.01,36.58,5.137640449438202,2022,2,VIRTUAL
2022-04-01,V-SOCCER_3,virtual,335.25,26.18,24.65,7.3527218493661435,2022,2,VIRTUAL
2022-04-01,V-SOCCER_4,virtual,109.0,10.8,9.61,8.81651376146789,2022,2,VIRTUAL
2022-07-01,FINO,lottery,96019.0,6826.87,6887.78,7.173351107593288,2022,3,FINO
2022-07-01,FINO SELF,lottery,1726.0,80.81,86.9,5.03476245654693,2022,3,FINO
2022-07-01,JACKPOT,lottery,24807.5,3101.25,3253.88,13.116517182303738,2022,3,JACKPOT
2022-07-01,LOTO,lottery,1765.5,256.1,253.34,14.349476069102238,2022,3,LOTO
2022-07-01,SEVEN-IN-ROW,lottery,992.0,116.09,117.73,11.867943548387098,2022,3,SEVEN-IN-ROW
2022-07-01,LUCKY-3,lottery,386.0,37.53,31.26,8.098445595854923,2022,3,LUCKY-3
2022-07-01,PLUS-5,lottery,346.0,33.5,37.23,10.760115606936417,2022,3,PLUS-5
2022-07-01,CAST WED,bettting,39.0,5.57,5.9,15.12820512820513,2022,3,CAST_GAMES
2022-07-01,CAST SAT,bettting,32.75,4.69,4.67,14.259541984732824,2022,3,CAST_GAMES
2022-07-01,CAST SUN,bettting,116.75,16.7,16.74,14.338329764453961,2022,3,CAST_GAMES
2022-07-01,CASTGOALS,bettting,13.75,2.04,2.02,14.690909090909091,2022,3,CAST_GAMES
2022-07-01,LUCKYSPIN,virtual,39112.25,1019.25,1100.72,2.814258959788813,2022,3,LUCKYSPIN
2022-07-01,GREYHOUNDS,bettting,0.5,0.01,0.01,2.0,2022,3,GREYHOUNDS
2022-07-01,BET_1,bettting,21254.25,467.51,446.97,2.1029676417657646,2022,3,BETTING
2022-07-01,BET_2,bettting,4879.75,233.69,231.08,4.7354884983861885,2022,3,BETTING
2022-07-01,BET_3,bettting,6017.5,413.05,393.05,6.531782301620274,2022,3,BETTING
2022-07-01,BET_4,bettting,17386.0,1680.11,1633.61,9.39612331761187,2022,3,BETTING
2022-07-01,V-SOCCER_1,virtual,28057.75,981.98,1016.82,3.6240254475145015,2022,3,VIRTUAL
2022-07-01,V-SOCCER_2,virtual,1083.5,63.95,59.24,5.467466543608675,2022,3,VIRTUAL
2022-07-01,V-SOCCER_3,virtual,458.0,35.76,32.86,7.17467248908297,2022,3,VIRTUAL
2022-07-01,V-SOCCER_4,virtual,201.25,19.89,17.18,8.53664596273292,2022,3,VIRTUAL
2022-10-01,FINO,lottery,90895.0,6632.85,6583.16,7.242598602783431,2022,4,FINO
2022-10-01,FINO SELF,lottery,835.0,39.25,41.26,4.9413173652694615,2022,4,FINO
2022-10-01,JACKPOT,lottery,17496.0,2187.3,2086.3,11.924439871970737,2022,4,JACKPOT
2022-10-01,LOTO,lottery,1117.0,162.14,154.97,13.873769024171889,2022,4,LOTO
2022-10-01,SEVEN-IN-ROW,lottery,702.0,82.25,83.58,11.905982905982906,2022,4,SEVEN-IN-ROW
2022-10-01,LUCKY-3,lottery,428.5,41.55,43.97,10.261376896149358,2022,4,LUCKY-3
2022-10-01,PLUS-5,lottery,257.0,24.93,34.74,13.517509727626459,2022,4,PLUS-5
2022-10-01,CAST WED,bettting,0.0,0.0,0.0,,2022,4,CAST_GAMES
2022-10-01,CAST SAT,bettting,31.75,4.53,4.44,13.984251968503939,2022,4,CAST_GAMES
2022-10-01,CAST SUN,bettting,35.0,4.99,5.05,14.428571428571427,2022,4,CAST_GAMES
2022-10-01,CASTGOALS,bettting,0.0,0.0,0.0,,2022,4,CAST_GAMES
2022-10-01,LUCKYSPIN,virtual,21480.25,559.01,627.66,2.9220330303418254,2022,4,LUCKYSPIN
2022-10-01,GREYHOUNDS,bettting,0.0,0.0,0.0,,2022,4,GREYHOUNDS
2022-10-01,BET_1,bettting,26964.5,444.43,351.0,1.3017115095774074,2022,4,BETTING
2022-10-01,BET_2,bettting,9491.5,369.6,364.78,3.843228151503977,2022,4,BETTING
2022-10-01,BET_3,bettting,6133.5,346.1,324.17,5.285236814217005,2022,4,BETTING
2022-10-01,BET_4,bettting,19484.5,1575.91,1466.73,7.527675844902358,2022,4,BETTING
2022-10-01,V-SOCCER_1,virtual,37818.0,1323.69,1323.75,3.5003173092178326,2022,4,VIRTUAL
2022-10-01,V-SOCCER_2,virtual,9201.75,542.93,485.03,5.271062569619909,2022,4,VIRTUAL
2022-10-01,V-SOCCER_3,virtual,1094.75,85.43,77.53,7.0819821877140905,2022,4,VIRTUAL
2022-10-01,V-SOCCER_4,virtual,229.5,22.71,20.24,8.81917211328976,2022,4,VIRTUAL
2023-01-01,FINO,lottery,110623.0,8083.92,8396.59,7.590275078419497,2023,1,FINO
2023-01-01,FINO SELF,lottery,1326.5,61.96,62.38,4.702600829249906,2023,1,FINO
2023-01-01,JACKPOT,lottery,15993.5,1999.41,2091.13,13.0748741676306,2023,1,JACKPOT
2023-01-01,LOTO,lottery,1232.5,178.79,172.13,13.965922920892496,2023,1,LOTO
2023-01-01,SEVEN-IN-ROW,lottery,690.5,80.84,93.82,13.58725561187545,2023,1,SEVEN-IN-ROW
2023-01-01,LUCKY-3,lottery,330.5,32.16,33.38,10.099848714069593,2023,1,LUCKY-3
2023-01-01,PLUS-5,lottery,253.5,24.57,22.93,9.045364891518739,2023,1,PLUS-5
2023-01-01,CAST WED,bettting,12.0,1.71,1.74,14.499999999999998,2023,1,CAST_GAMES
2023-01-01,CAST SAT,bettting,40.5,5.79,6.12,15.11111111111111,2023,1,CAST_GAMES
2023-01-01,CAST SUN,bettting,33.5,4.78,4.81,14.35820895522388,2023,1,CAST_GAMES
2023-01-01,CASTGOALS,bettting,0.0,0.0,0.0,,2023,1,CAST_GAMES
2023-01-01,LUCKYSPIN,virtual,29700.25,773.42,866.18,2.9164064275553234,2023,1,LUCKYSPIN
2023-01-01,GREYHOUNDS,bettting,0.0,0.0,0.0,,2023,1,GREYHOUNDS
2023-01-01,BET_1,bettting,16514.5,247.19,258.81,1.5671682460867722,2023,1,BETTING
2023-01-01,BET_2,bettting,6142.0,215.07,246.74,4.0172582220774995,2023,1,BETTING
2023-01-01,BET_3,bettting,3781.75,189.26,214.29,5.666424274476102,2023,1,BETTING
2023-01-01,BET_4,bettting,17898.0,1288.6,1458.45,8.148675829701643,2023,1,BETTING
2023-01-01,V-SOCCER_1,virtual,23072.0,807.62,802.56,3.478502080443828,2023,1,VIRTUAL
2023-01-01,V-SOCCER_2,virtual,1452.5,85.69,76.64,5.276419965576592,2023,1,VIRTUAL
2023-01-01,V-SOCCER_3,virtual,327.25,25.57,23.63,7.220779220779221,2023,1,VIRTUAL
2023-01-01,V-SOCCER_4,virtual,147.75,14.63,13.3,9.001692047377327,2023,1,VIRTUAL
